Meta Data,Weekly Adjusted Time Series
,"{'1. open': '119.7800', '2. high': '130.6142', '3. low': '119.4900', '4. close': '129.7900', '5. adjusted close': '129.7900', '6. volume': '5733396', '7. dividend amount': '0.0000'}"
,"{'1. open': '115.0150', '2. high': '118.5650', '3. low': '113.5800', '4. close': '117.6200', '5. adjusted close': '117.6200', '6. volume': '6565197', '7. dividend amount': '0.0000'}"
,"{'1. open': '110.1200', '2. high': '119.3200', '3. low': '110.0000', '4. close': '119.1900', '5. adjusted close': '119.1900', '6. volume': '7260696', '7. dividend amount': '0.0000'}"
,"{'1. open': '93.0000', '2. high': '105.1050', '3. low': '92.8300', '4. close': '104.8500', '5. adjusted close': '104.8500', '6. volume': '8765042', '7. dividend amount': '0.0000'}"
,"{'1. open': '90.6900', '2. high': '96.1900', '3. low': '84.0100', '4. close': '94.3700', '5. adjusted close': '94.3700', '6. volume': '12997933', '7. dividend amount': '0.0000'}"
,"{'1. open': '81.6300', '2. high': '92.2000', '3. low': '80.9750', '4. close': '90.8300', '5. adjusted close': '90.8300', '6. volume': '5157395', '7. dividend amount': '0.0000'}"
,"{'1. open': '85.3200', '2. high': '85.5500', '3. low': '78.9000', '4. close': '83.2200', '5. adjusted close': '83.2200', '6. volume': '4581658', '7. dividend amount': '0.0000'}"
,"{'1. open': '75.0000', '2. high': '88.4200', '3. low': '72.9300', '4. close': '82.7100', '5. adjusted close': '82.7100', '6. volume': '8854604', '7. dividend amount': '0.0000'}"
,"{'1. open': '86.1300', '2. high': '97.3100', '3. low': '74.0000', '4. close': '78.5600', '5. adjusted close': '78.5600', '6. volume': '9194717', '7. dividend amount': '0.0000'}"
,"{'1. open': '93.3000', '2. high': '96.7500', '3. low': '87.6500', '4. close': '88.1800', '5. adjusted close': '88.1800', '6. volume': '4895998', '7. dividend amount': '0.0000'}"
,"{'1. open': '86.8800', '2. high': '91.6400', '3. low': '84.4671', '4. close': '90.7000', '5. adjusted close': '90.7000', '6. volume': '5842937', '7. dividend amount': '0.0000'}"
,"{'1. open': '90.1000', '2. high': '91.0200', '3. low': '81.3100', '4. close': '87.4800', '5. adjusted close': '87.4800', '6. volume': '9357095', '7. dividend amount': '0.0000'}"
,"{'1. open': '109.0900', '2. high': '109.6700', '3. low': '90.3100', '4. close': '92.4400', '5. adjusted close': '92.4400', '6. volume': '7179388', '7. dividend amount': '0.0000'}"
,"{'1. open': '109.6700', '2. high': '115.8300', '3. low': '105.9000', '4. close': '108.6000', '5. adjusted close': '108.6000', '6. volume': '7314541', '7. dividend amount': '0.0000'}"
,"{'1. open': '109.2000', '2. high': '129.0000', '3. low': '108.4800', '4. close': '108.7200', '5. adjusted close': '108.7200', '6. volume': '12891923', '7. dividend amount': '0.0000'}"
,"{'1. open': '113.6700', '2. high': '113.6700', '3. low': '105.2500', '4. close': '108.4000', '5. adjusted close': '108.4000', '6. volume': '6371735', '7. dividend amount': '0.0000'}"
,"{'1. open': '115.7600', '2. high': '120.5000', '3. low': '112.5700', '4. close': '112.7900', '5. adjusted close': '112.7900', '6. volume': '5259402', '7. dividend amount': '0.0000'}"
,"{'1. open': '117.8200', '2. high': '123.6600', '3. low': '116.7600', '4. close': '118.1300', '5. adjusted close': '118.1300', '6. volume': '4275106', '7. dividend amount': '0.0000'}"
,"{'1. open': '118.0600', '2. high': '125.6900', '3. low': '117.1130', '4. close': '119.1900', '5. adjusted close': '119.1900', '6. volume': '4887480', '7. dividend amount': '0.0000'}"
,"{'1. open': '131.7500', '2. high': '131.7500', '3. low': '113.8001', '4. close': '115.4100', '5. adjusted close': '115.4100', '6. volume': '9284223', '7. dividend amount': '0.0000'}"
,"{'1. open': '133.1200', '2. high': '138.4500', '3. low': '128.1900', '4. close': '128.4300', '5. adjusted close': '128.4300', '6. volume': '4625606', '7. dividend amount': '0.0000'}"
,"{'1. open': '129.2000', '2. high': '134.7800', '3. low': '127.3100', '4. close': '133.3800', '5. adjusted close': '133.3800', '6. volume': '3911447', '7. dividend amount': '0.0000'}"
,"{'1. open': '129.1000', '2. high': '133.6652', '3. low': '127.3150', '4. close': '132.5500', '5. adjusted close': '132.5500', '6. volume': '2000656', '7. dividend amount': '0.0000'}"
,"{'1. open': '132.3900', '2. high': '133.7900', '3. low': '125.0000', '4. close': '128.8700', '5. adjusted close': '128.8700', '6. volume': '4232935', '7. dividend amount': '0.0000'}"
,"{'1. open': '138.7000', '2. high': '138.7000', '3. low': '130.0000', '4. close': '131.5900', '5. adjusted close': '131.5900', '6. volume': '3345490', '7. dividend amount': '0.0000'}"
,"{'1. open': '133.9100', '2. high': '139.8900', '3. low': '131.0000', '4. close': '138.7600', '5. adjusted close': '138.7600', '6. volume': '3491182', '7. dividend amount': '0.0000'}"
,"{'1. open': '124.7200', '2. high': '134.4200', '3. low': '124.7200', '4. close': '133.7300', '5. adjusted close': '133.7300', '6. volume': '2802644', '7. dividend amount': '0.0000'}"
,"{'1. open': '121.5300', '2. high': '124.3400', '3. low': '115.2500', '4. close': '123.0100', '5. adjusted close': '123.0100', '6. volume': '4358873', '7. dividend amount': '0.0000'}"
,"{'1. open': '134.5000', '2. high': '134.5000', '3. low': '121.0100', '4. close': '121.5300', '5. adjusted close': '121.5300', '6. volume': '4116844', '7. dividend amount': '0.0000'}"
,"{'1. open': '123.0000', '2. high': '134.9000', '3. low': '120.8800', '4. close': '131.3300', '5. adjusted close': '131.3300', '6. volume': '5323539', '7. dividend amount': '0.0000'}"
,"{'1. open': '113.4800', '2. high': '130.2013', '3. low': '112.1400', '4. close': '124.1000', '5. adjusted close': '124.1000', '6. volume': '10287001', '7. dividend amount': '0.0000'}"
,"{'1. open': '110.5000', '2. high': '113.1299', '3. low': '106.3900', '4. close': '110.4500', '5. adjusted close': '110.4500', '6. volume': '3226161', '7. dividend amount': '0.0000'}"
,"{'1. open': '107.9800', '2. high': '111.9999', '3. low': '106.0500', '4. close': '110.2400', '5. adjusted close': '110.2400', '6. volume': '3386532', '7. dividend amount': '0.0000'}"
,"{'1. open': '110.0000', '2. high': '113.5000', '3. low': '102.0000', '4. close': '107.8100', '5. adjusted close': '107.8100', '6. volume': '6036858', '7. dividend amount': '0.0000'}"
,"{'1. open': '104.4000', '2. high': '110.4300', '3. low': '100.7101', '4. close': '110.0200', '5. adjusted close': '110.0200', '6. volume': '3617789', '7. dividend amount': '0.0000'}"
,"{'1. open': '108.0100', '2. high': '110.0500', '3. low': '103.7200', '4. close': '104.7100', '5. adjusted close': '104.7100', '6. volume': '3570543', '7. dividend amount': '0.0000'}"
,"{'1. open': '101.9300', '2. high': '107.9400', '3. low': '100.5800', '4. close': '106.9400', '5. adjusted close': '106.9400', '6. volume': '3580097', '7. dividend amount': '0.0000'}"
,"{'1. open': '93.9600', '2. high': '103.3700', '3. low': '93.9600', '4. close': '102.0500', '5. adjusted close': '102.0500', '6. volume': '4245258', '7. dividend amount': '0.0000'}"
,"{'1. open': '98.5000', '2. high': '100.0000', '3. low': '92.6600', '4. close': '93.3500', '5. adjusted close': '93.3500', '6. volume': '3284616', '7. dividend amount': '0.0000'}"
,"{'1. open': '109.0000', '2. high': '109.9200', '3. low': '98.7000', '4. close': '99.4100', '5. adjusted close': '99.4100', '6. volume': '3800051', '7. dividend amount': '0.0000'}"
,"{'1. open': '104.5000', '2. high': '111.1700', '3. low': '101.1900', '4. close': '108.9700', '5. adjusted close': '108.9700', '6. volume': '4327575', '7. dividend amount': '0.0000'}"
,"{'1. open': '102.2300', '2. high': '110.7650', '3. low': '101.2888', '4. close': '107.3700', '5. adjusted close': '107.3700', '6. volume': '4663561', '7. dividend amount': '0.0000'}"
,"{'1. open': '90.9200', '2. high': '103.5000', '3. low': '89.1700', '4. close': '102.3900', '5. adjusted close': '102.3900', '6. volume': '4917488', '7. dividend amount': '0.0000'}"
,"{'1. open': '80.6800', '2. high': '105.6800', '3. low': '79.7000', '4. close': '96.4300', '5. adjusted close': '96.4300', '6. volume': '12026951', '7. dividend amount': '0.0000'}"
,"{'1. open': '84.2700', '2. high': '84.9100', '3. low': '77.5000', '4. close': '80.1100', '5. adjusted close': '80.1100', '6. volume': '5820533', '7. dividend amount': '0.0000'}"
,"{'1. open': '85.4300', '2. high': '91.0800', '3. low': '82.4000', '4. close': '84.4600', '5. adjusted close': '84.4600', '6. volume': '4642337', '7. dividend amount': '0.0000'}"
,"{'1. open': '87.3400', '2. high': '88.0000', '3. low': '82.5771', '4. close': '84.7300', '5. adjusted close': '84.7300', '6. volume': '4231403', '7. dividend amount': '0.0000'}"
,"{'1. open': '91.0800', '2. high': '92.5000', '3. low': '84.7700', '4. close': '86.3500', '5. adjusted close': '86.3500', '6. volume': '3206165', '7. dividend amount': '0.0000'}"
,"{'1. open': '88.5900', '2. high': '90.4950', '3. low': '86.8900', '4. close': '90.0000', '5. adjusted close': '90.0000', '6. volume': '4318574', '7. dividend amount': '0.0000'}"
,"{'1. open': '89.5000', '2. high': '93.7100', '3. low': '87.4500', '4. close': '89.0100', '5. adjusted close': '89.0100', '6. volume': '3434135', '7. dividend amount': '0.0000'}"
,"{'1. open': '91.3600', '2. high': '94.7700', '3. low': '88.6400', '4. close': '89.0000', '5. adjusted close': '89.0000', '6. volume': '3620088', '7. dividend amount': '0.0000'}"
,"{'1. open': '94.9000', '2. high': '96.6700', '3. low': '89.5900', '4. close': '92.1800', '5. adjusted close': '92.1800', '6. volume': '4086129', '7. dividend amount': '0.0000'}"
,"{'1. open': '97.6000', '2. high': '97.9440', '3. low': '91.3300', '4. close': '94.8900', '5. adjusted close': '94.8900', '6. volume': '3086347', '7. dividend amount': '0.0000'}"
,"{'1. open': '99.1600', '2. high': '100.7500', '3. low': '95.0200', '4. close': '97.5100', '5. adjusted close': '97.5100', '6. volume': '2998258', '7. dividend amount': '0.0000'}"
,"{'1. open': '104.3600', '2. high': '105.5000', '3. low': '99.1100', '4. close': '99.1600', '5. adjusted close': '99.1600', '6. volume': '3051238', '7. dividend amount': '0.0000'}"
,"{'1. open': '107.2800', '2. high': '111.2895', '3. low': '101.3100', '4. close': '103.2800', '5. adjusted close': '103.2800', '6. volume': '4592395', '7. dividend amount': '0.0000'}"
,"{'1. open': '105.2300', '2. high': '109.4800', '3. low': '101.4600', '4. close': '107.4700', '5. adjusted close': '107.4700', '6. volume': '5454821', '7. dividend amount': '0.0000'}"
,"{'1. open': '94.6400', '2. high': '105.8100', '3. low': '92.9300', '4. close': '104.8800', '5. adjusted close': '104.8800', '6. volume': '3727216', '7. dividend amount': '0.0000'}"
,"{'1. open': '97.7200', '2. high': '99.9900', '3. low': '93.4600', '4. close': '94.4000', '5. adjusted close': '94.4000', '6. volume': '3046641', '7. dividend amount': '0.0000'}"
,"{'1. open': '102.0000', '2. high': '103.1650', '3. low': '94.6700', '4. close': '97.2100', '5. adjusted close': '97.2100', '6. volume': '3099363', '7. dividend amount': '0.0000'}"
,"{'1. open': '105.0000', '2. high': '107.3500', '3. low': '100.0000', '4. close': '101.2400', '5. adjusted close': '101.2400', '6. volume': '3665095', '7. dividend amount': '0.0000'}"
,"{'1. open': '108.3500', '2. high': '108.5200', '3. low': '102.0100', '4. close': '104.0300', '5. adjusted close': '104.0300', '6. volume': '4097395', '7. dividend amount': '0.0000'}"
,"{'1. open': '104.0800', '2. high': '110.9000', '3. low': '102.5300', '4. close': '109.2700', '5. adjusted close': '109.2700', '6. volume': '4949975', '7. dividend amount': '0.0000'}"
,"{'1. open': '103.4600', '2. high': '105.3000', '3. low': '99.1600', '4. close': '103.6900', '5. adjusted close': '103.6900', '6. volume': '4116142', '7. dividend amount': '0.0000'}"
,"{'1. open': '107.8800', '2. high': '108.3900', '3. low': '99.1500', '4. close': '103.6300', '5. adjusted close': '103.6300', '6. volume': '4956342', '7. dividend amount': '0.0000'}"
,"{'1. open': '98.5700', '2. high': '107.4100', '3. low': '98.1400', '4. close': '107.2500', '5. adjusted close': '107.2500', '6. volume': '4731558', '7. dividend amount': '0.0000'}"
,"{'1. open': '97.5000', '2. high': '100.7100', '3. low': '94.5800', '4. close': '98.0400', '5. adjusted close': '98.0400', '6. volume': '4302918', '7. dividend amount': '0.0000'}"
,"{'1. open': '79.6900', '2. high': '99.8500', '3. low': '75.4600', '4. close': '98.2900', '5. adjusted close': '98.2900', '6. volume': '11570769', '7. dividend amount': '0.0000'}"
,"{'1. open': '76.2500', '2. high': '80.9100', '3. low': '73.7550', '4. close': '79.5900', '5. adjusted close': '79.5900', '6. volume': '3526684', '7. dividend amount': '0.0000'}"
,"{'1. open': '73.7800', '2. high': '78.9500', '3. low': '73.7450', '4. close': '77.5000', '5. adjusted close': '77.5000', '6. volume': '4847846', '7. dividend amount': '0.0000'}"
,"{'1. open': '68.4700', '2. high': '74.2550', '3. low': '68.1100', '4. close': '73.6800', '5. adjusted close': '73.6800', '6. volume': '4118606', '7. dividend amount': '0.0000'}"
,"{'1. open': '66.0000', '2. high': '68.5700', '3. low': '64.1600', '4. close': '67.4700', '5. adjusted close': '67.4700', '6. volume': '3909757', '7. dividend amount': '0.0000'}"
,"{'1. open': '69.8900', '2. high': '71.4400', '3. low': '65.9000', '4. close': '65.9000', '5. adjusted close': '65.9000', '6. volume': '3860230', '7. dividend amount': '0.0000'}"
,"{'1. open': '73.1500', '2. high': '73.6550', '3. low': '67.5900', '4. close': '70.0200', '5. adjusted close': '70.0200', '6. volume': '3887570', '7. dividend amount': '0.0000'}"
,"{'1. open': '74.3700', '2. high': '76.7391', '3. low': '73.8950', '4. close': '74.1200', '5. adjusted close': '74.1200', '6. volume': '1804076', '7. dividend amount': '0.0000'}"
,"{'1. open': '72.3200', '2. high': '74.7498', '3. low': '71.3000', '4. close': '74.2800', '5. adjusted close': '74.2800', '6. volume': '4125304', '7. dividend amount': '0.0000'}"
,"{'1. open': '62.9900', '2. high': '73.4500', '3. low': '62.8700', '4. close': '72.3300', '5. adjusted close': '72.3300', '6. volume': '7266006', '7. dividend amount': '0.0000'}"
,"{'1. open': '61.6500', '2. high': '64.5500', '3. low': '60.8400', '4. close': '60.9800', '5. adjusted close': '60.9800', '6. volume': '3149436', '7. dividend amount': '0.0000'}"
,"{'1. open': '62.1300', '2. high': '63.0900', '3. low': '59.9200', '4. close': '61.6600', '5. adjusted close': '61.6600', '6. volume': '2972685', '7. dividend amount': '0.0000'}"
,"{'1. open': '60.8400', '2. high': '63.1800', '3. low': '60.5000', '4. close': '62.5200', '5. adjusted close': '62.5200', '6. volume': '1821388', '7. dividend amount': '0.0000'}"
,"{'1. open': '54.9700', '2. high': '61.7700', '3. low': '54.5625', '4. close': '60.9000', '5. adjusted close': '60.9000', '6. volume': '3394197', '7. dividend amount': '0.0000'}"
,"{'1. open': '59.4000', '2. high': '59.4000', '3. low': '54.0600', '4. close': '55.0300', '5. adjusted close': '55.0300', '6. volume': '3813651', '7. dividend amount': '0.0000'}"
,"{'1. open': '55.6200', '2. high': '61.6100', '3. low': '54.7300', '4. close': '59.5100', '5. adjusted close': '59.5100', '6. volume': '6462319', '7. dividend amount': '0.0000'}"
,"{'1. open': '54.2600', '2. high': '57.5000', '3. low': '53.6300', '4. close': '54.9900', '5. adjusted close': '54.9900', '6. volume': '3671295', '7. dividend amount': '0.0000'}"
,"{'1. open': '53.9500', '2. high': '57.0700', '3. low': '53.1200', '4. close': '54.9100', '5. adjusted close': '54.9100', '6. volume': '3541590', '7. dividend amount': '0.0000'}"
,"{'1. open': '55.0700', '2. high': '58.0500', '3. low': '52.7900', '4. close': '53.5200', '5. adjusted close': '53.5200', '6. volume': '3570380', '7. dividend amount': '0.0000'}"
,"{'1. open': '57.9400', '2. high': '59.3100', '3. low': '55.7000', '4. close': '56.2300', '5. adjusted close': '56.2300', '6. volume': '4255972', '7. dividend amount': '0.0000'}"
,"{'1. open': '57.3900', '2. high': '60.3800', '3. low': '56.2200', '4. close': '58.0700', '5. adjusted close': '58.0700', '6. volume': '2993762', '7. dividend amount': '0.0000'}"
,"{'1. open': '61.9500', '2. high': '63.6000', '3. low': '57.7900', '4. close': '57.8600', '5. adjusted close': '57.8600', '6. volume': '4572882', '7. dividend amount': '0.0000'}"
,"{'1. open': '65.3800', '2. high': '65.4500', '3. low': '60.8100', '4. close': '62.0800', '5. adjusted close': '62.0800', '6. volume': '5107498', '7. dividend amount': '0.0000'}"
,"{'1. open': '69.3100', '2. high': '69.5600', '3. low': '65.0200', '4. close': '65.2000', '5. adjusted close': '65.2000', '6. volume': '3091226', '7. dividend amount': '0.0000'}"
,"{'1. open': '69.9200', '2. high': '71.2300', '3. low': '68.7600', '4. close': '70.0700', '5. adjusted close': '70.0700', '6. volume': '3048657', '7. dividend amount': '0.0000'}"
,"{'1. open': '69.3900', '2. high': '71.6700', '3. low': '68.4600', '4. close': '69.9200', '5. adjusted close': '69.9200', '6. volume': '2368635', '7. dividend amount': '0.0000'}"
,"{'1. open': '75.9500', '2. high': '77.7900', '3. low': '67.8900', '4. close': '69.3600', '5. adjusted close': '69.3600', '6. volume': '3838310', '7. dividend amount': '0.0000'}"
,"{'1. open': '79.3500', '2. high': '80.4400', '3. low': '74.8500', '4. close': '76.1800', '5. adjusted close': '76.1800', '6. volume': '3111284', '7. dividend amount': '0.0000'}"
,"{'1. open': '75.9900', '2. high': '80.4900', '3. low': '70.1400', '4. close': '78.9100', '5. adjusted close': '78.9100', '6. volume': '6099668', '7. dividend amount': '0.0000'}"
,"{'1. open': '78.0000', '2. high': '78.3650', '3. low': '75.7400', '4. close': '75.9800', '5. adjusted close': '75.9800', '6. volume': '2801009', '7. dividend amount': '0.0000'}"
,"{'1. open': '78.4500', '2. high': '80.5800', '3. low': '77.6800', '4. close': '77.9200', '5. adjusted close': '77.9200', '6. volume': '2811522', '7. dividend amount': '0.0000'}"
,"{'1. open': '76.0900', '2. high': '80.3900', '3. low': '75.5600', '4. close': '78.7500', '5. adjusted close': '78.7500', '6. volume': '3168542', '7. dividend amount': '0.0000'}"
,"{'1. open': '77.9200', '2. high': '78.7800', '3. low': '76.0600', '4. close': '76.2600', '5. adjusted close': '76.2600', '6. volume': '2412489', '7. dividend amount': '0.0000'}"
,"{'1. open': '73.5300', '2. high': '79.3300', '3. low': '71.9600', '4. close': '77.7200', '5. adjusted close': '77.7200', '6. volume': '3280755', '7. dividend amount': '0.0000'}"
,"{'1. open': '71.1800', '2. high': '76.1400', '3. low': '71.1100', '4. close': '73.9500', '5. adjusted close': '73.9500', '6. volume': '4458079', '7. dividend amount': '0.0000'}"
,"{'1. open': '68.9700', '2. high': '73.2800', '3. low': '68.0300', '4. close': '71.1300', '5. adjusted close': '71.1300', '6. volume': '4032944', '7. dividend amount': '0.0000'}"
,"{'1. open': '67.7700', '2. high': '71.2100', '3. low': '67.7700', '4. close': '68.7600', '5. adjusted close': '68.7600', '6. volume': '3080729', '7. dividend amount': '0.0000'}"
,"{'1. open': '65.8100', '2. high': '68.6500', '3. low': '64.2800', '4. close': '68.5900', '5. adjusted close': '68.5900', '6. volume': '2910364', '7. dividend amount': '0.0000'}"
,"{'1. open': '67.0000', '2. high': '67.4900', '3. low': '64.4400', '4. close': '65.4000', '5. adjusted close': '65.4000', '6. volume': '3783612', '7. dividend amount': '0.0000'}"
,"{'1. open': '68.5000', '2. high': '71.9350', '3. low': '65.8850', '4. close': '66.6900', '5. adjusted close': '66.6900', '6. volume': '6202220', '7. dividend amount': '0.0000'}"
,"{'1. open': '65.9000', '2. high': '67.4999', '3. low': '64.6800', '4. close': '65.2100', '5. adjusted close': '65.2100', '6. volume': '4614611', '7. dividend amount': '0.0000'}"
,"{'1. open': '54.4700', '2. high': '66.2900', '3. low': '52.6400', '4. close': '65.5300', '5. adjusted close': '65.5300', '6. volume': '9457253', '7. dividend amount': '0.0000'}"
,"{'1. open': '55.6300', '2. high': '56.7500', '3. low': '53.0800', '4. close': '54.8100', '5. adjusted close': '54.8100', '6. volume': '2681053', '7. dividend amount': '0.0000'}"
,"{'1. open': '54.5700', '2. high': '56.5900', '3. low': '53.9150', '4. close': '55.6900', '5. adjusted close': '55.6900', '6. volume': '2478653', '7. dividend amount': '0.0000'}"
,"{'1. open': '54.9100', '2. high': '58.1900', '3. low': '53.4000', '4. close': '54.0300', '5. adjusted close': '54.0300', '6. volume': '4100338', '7. dividend amount': '0.0000'}"
,"{'1. open': '55.3400', '2. high': '56.1500', '3. low': '53.8800', '4. close': '55.1500', '5. adjusted close': '55.1500', '6. volume': '2588996', '7. dividend amount': '0.0000'}"
,"{'1. open': '53.2600', '2. high': '56.2800', '3. low': '52.4000', '4. close': '55.4900', '5. adjusted close': '55.4900', '6. volume': '3354156', '7. dividend amount': '0.0000'}"
,"{'1. open': '55.0300', '2. high': '56.9200', '3. low': '52.5100', '4. close': '52.5600', '5. adjusted close': '52.5600', '6. volume': '3447771', '7. dividend amount': '0.0000'}"
,"{'1. open': '53.4200', '2. high': '57.2800', '3. low': '52.0100', '4. close': '54.9100', '5. adjusted close': '54.9100', '6. volume': '5077943', '7. dividend amount': '0.0000'}"
,"{'1. open': '58.5000', '2. high': '59.5000', '3. low': '54.1000', '4. close': '54.5300', '5. adjusted close': '54.5300', '6. volume': '4058700', '7. dividend amount': '0.0000'}"
,"{'1. open': '56.6100', '2. high': '58.2900', '3. low': '54.4700', '4. close': '58.0000', '5. adjusted close': '58.0000', '6. volume': '4236391', '7. dividend amount': '0.0000'}"
,"{'1. open': '53.6400', '2. high': '58.0500', '3. low': '53.5100', '4. close': '56.5400', '5. adjusted close': '56.5400', '6. volume': '4593526', '7. dividend amount': '0.0000'}"
,"{'1. open': '56.0600', '2. high': '59.1050', '3. low': '53.6300', '4. close': '55.0000', '5. adjusted close': '55.0000', '6. volume': '6332397', '7. dividend amount': '0.0000'}"
,"{'1. open': '57.7600', '2. high': '59.4200', '3. low': '55.3400', '4. close': '55.4900', '5. adjusted close': '55.4900', '6. volume': '3592391', '7. dividend amount': '0.0000'}"
,"{'1. open': '55.5400', '2. high': '61.3900', '3. low': '54.9600', '4. close': '58.2900', '5. adjusted close': '58.2900', '6. volume': '4216747', '7. dividend amount': '0.0000'}"
,"{'1. open': '54.8700', '2. high': '58.2600', '3. low': '53.8400', '4. close': '56.5200', '5. adjusted close': '56.5200', '6. volume': '2811610', '7. dividend amount': '0.0000'}"
,"{'1. open': '54.6350', '2. high': '58.6100', '3. low': '53.0700', '4. close': '54.7500', '5. adjusted close': '54.7500', '6. volume': '3579323', '7. dividend amount': '0.0000'}"
,"{'1. open': '47.1300', '2. high': '56.6170', '3. low': '46.2000', '4. close': '56.3600', '5. adjusted close': '56.3600', '6. volume': '7840460', '7. dividend amount': '0.0000'}"
,"{'1. open': '42.5400', '2. high': '47.2000', '3. low': '40.9000', '4. close': '46.4300', '5. adjusted close': '46.4300', '6. volume': '3640743', '7. dividend amount': '0.0000'}"
,"{'1. open': '44.5400', '2. high': '44.8600', '3. low': '40.8300', '4. close': '41.5300', '5. adjusted close': '41.5300', '6. volume': '2476978', '7. dividend amount': '0.0000'}"
,"{'1. open': '48.2800', '2. high': '48.4100', '3. low': '43.8100', '4. close': '44.8900', '5. adjusted close': '44.8900', '6. volume': '3132165', '7. dividend amount': '0.0000'}"
,"{'1. open': '47.1200', '2. high': '51.8500', '3. low': '47.1200', '4. close': '48.4500', '5. adjusted close': '48.4500', '6. volume': '3386678', '7. dividend amount': '0.0000'}"
,"{'1. open': '51.6400', '2. high': '51.8553', '3. low': '47.1200', '4. close': '47.1800', '5. adjusted close': '47.1800', '6. volume': '3143023', '7. dividend amount': '0.0000'}"
,"{'1. open': '49.0200', '2. high': '53.2550', '3. low': '48.6900', '4. close': '51.9300', '5. adjusted close': '51.9300', '6. volume': '3378732', '7. dividend amount': '0.0000'}"
,"{'1. open': '49.3600', '2. high': '49.6300', '3. low': '46.1300', '4. close': '49.2900', '5. adjusted close': '49.2900', '6. volume': '2318879', '7. dividend amount': '0.0000'}"
,"{'1. open': '51.2400', '2. high': '52.9700', '3. low': '49.0600', '4. close': '49.8000', '5. adjusted close': '49.8000', '6. volume': '2317069', '7. dividend amount': '0.0000'}"
,"{'1. open': '47.0300', '2. high': '52.2300', '3. low': '43.5100', '4. close': '51.7300', '5. adjusted close': '51.7300', '6. volume': '5102998', '7. dividend amount': '0.0000'}"
,"{'1. open': '55.6800', '2. high': '56.8300', '3. low': '45.5100', '4. close': '47.0200', '5. adjusted close': '47.0200', '6. volume': '5953622', '7. dividend amount': '0.0000'}"
,"{'1. open': '50.1300', '2. high': '56.8100', '3. low': '47.9500', '4. close': '55.8200', '5. adjusted close': '55.8200', '6. volume': '5479772', '7. dividend amount': '0.0000'}"
,"{'1. open': '48.5700', '2. high': '52.2500', '3. low': '48.4500', '4. close': '50.7300', '5. adjusted close': '50.7300', '6. volume': '3147866', '7. dividend amount': '0.0000'}"
,"{'1. open': '46.6000', '2. high': '51.0700', '3. low': '44.6700', '4. close': '47.8300', '5. adjusted close': '47.8300', '6. volume': '4015289', '7. dividend amount': '0.0000'}"
,"{'1. open': '45.5700', '2. high': '49.2500', '3. low': '44.5137', '4. close': '46.6900', '5. adjusted close': '46.6900', '6. volume': '4462022', '7. dividend amount': '0.0000'}"
,"{'1. open': '45.0500', '2. high': '49.0900', '3. low': '44.6400', '4. close': '44.9800', '5. adjusted close': '44.9800', '6. volume': '3383811', '7. dividend amount': '0.0000'}"
,"{'1. open': '48.9900', '2. high': '50.9900', '3. low': '43.8500', '4. close': '44.8200', '5. adjusted close': '44.8200', '6. volume': '4804378', '7. dividend amount': '0.0000'}"
,"{'1. open': '50.9900', '2. high': '51.5000', '3. low': '47.1100', '4. close': '49.6100', '5. adjusted close': '49.6100', '6. volume': '4395714', '7. dividend amount': '0.0000'}"
,"{'1. open': '46.4600', '2. high': '50.9900', '3. low': '44.3200', '4. close': '50.7400', '5. adjusted close': '50.7400', '6. volume': '3173088', '7. dividend amount': '0.0000'}"
,"{'1. open': '46.8400', '2. high': '49.0900', '3. low': '45.1950', '4. close': '46.4600', '5. adjusted close': '46.4600', '6. volume': '3024215', '7. dividend amount': '0.0000'}"
,"{'1. open': '48.4400', '2. high': '52.5400', '3. low': '47.3800', '4. close': '47.6400', '5. adjusted close': '47.6400', '6. volume': '3167025', '7. dividend amount': '0.0000'}"
,"{'1. open': '52.7800', '2. high': '54.4500', '3. low': '49.3300', '4. close': '49.6200', '5. adjusted close': '49.6200', '6. volume': '2852059', '7. dividend amount': '0.0000'}"
,"{'1. open': '51.9000', '2. high': '53.6500', '3. low': '48.4600', '4. close': '53.1100', '5. adjusted close': '53.1100', '6. volume': '3830865', '7. dividend amount': '0.0000'}"
,"{'1. open': '50.6800', '2. high': '54.8800', '3. low': '46.0000', '4. close': '51.5600', '5. adjusted close': '51.5600', '6. volume': '7581914', '7. dividend amount': '0.0000'}"
,"{'1. open': '48.4900', '2. high': '51.4700', '3. low': '44.9100', '4. close': '51.4600', '5. adjusted close': '51.4600', '6. volume': '4887181', '7. dividend amount': '0.0000'}"
,"{'1. open': '46.4600', '2. high': '49.6988', '3. low': '45.1900', '4. close': '48.1300', '5. adjusted close': '48.1300', '6. volume': '3943583', '7. dividend amount': '0.0000'}"
,"{'1. open': '40.5500', '2. high': '47.0000', '3. low': '39.1600', '4. close': '46.4600', '5. adjusted close': '46.4600', '6. volume': '5385678', '7. dividend amount': '0.0000'}"
,"{'1. open': '39.8400', '2. high': '42.4100', '3. low': '38.6900', '4. close': '40.8700', '5. adjusted close': '40.8700', '6. volume': '2841819', '7. dividend amount': '0.0000'}"
,"{'1. open': '42.5000', '2. high': '42.7100', '3. low': '37.7900', '4. close': '40.7900', '5. adjusted close': '40.7900', '6. volume': '3541384', '7. dividend amount': '0.0000'}"
,"{'1. open': '40.7000', '2. high': '42.4200', '3. low': '38.4700', '4. close': '42.2000', '5. adjusted close': '42.2000', '6. volume': '2983957', '7. dividend amount': '0.0000'}"
,"{'1. open': '41.0000', '2. high': '41.4100', '3. low': '37.7175', '4. close': '39.5200', '5. adjusted close': '39.5200', '6. volume': '3776315', '7. dividend amount': '0.0000'}"
,"{'1. open': '48.1100', '2. high': '48.3500', '3. low': '42.3050', '4. close': '42.9300', '5. adjusted close': '42.9300', '6. volume': '3242167', '7. dividend amount': '0.0000'}"
,"{'1. open': '48.4200', '2. high': '49.2800', '3. low': '46.3300', '4. close': '47.4400', '5. adjusted close': '47.4400', '6. volume': '2683865', '7. dividend amount': '0.0000'}"
,"{'1. open': '42.3600', '2. high': '48.8700', '3. low': '40.5200', '4. close': '48.7500', '5. adjusted close': '48.7500', '6. volume': '6131395', '7. dividend amount': '0.0000'}"
,"{'1. open': '47.5600', '2. high': '47.6600', '3. low': '40.3400', '4. close': '41.9800', '5. adjusted close': '41.9800', '6. volume': '5607575', '7. dividend amount': '0.0000'}"
,"{'1. open': '53.3000', '2. high': '53.5250', '3. low': '41.5500', '4. close': '46.3300', '5. adjusted close': '46.3300', '6. volume': '6676874', '7. dividend amount': '0.0000'}"
,"{'1. open': '58.6700', '2. high': '60.4800', '3. low': '52.7300', '4. close': '54.7000', '5. adjusted close': '54.7000', '6. volume': '5156447', '7. dividend amount': '0.0000'}"
,"{'1. open': '60.9500', '2. high': '63.3800', '3. low': '57.6400', '4. close': '57.8300', '5. adjusted close': '57.8300', '6. volume': '3953027', '7. dividend amount': '0.0000'}"
,"{'1. open': '61.7100', '2. high': '67.7000', '3. low': '60.5300', '4. close': '61.5000', '5. adjusted close': '61.5000', '6. volume': '3913141', '7. dividend amount': '0.0000'}"
,"{'1. open': '60.5500', '2. high': '63.9200', '3. low': '60.2000', '4. close': '62.0300', '5. adjusted close': '62.0300', '6. volume': '2578321', '7. dividend amount': '0.0000'}"
,"{'1. open': '69.3300', '2. high': '70.8200', '3. low': '60.4800', '4. close': '61.3500', '5. adjusted close': '61.3500', '6. volume': '4945450', '7. dividend amount': '0.0000'}"
,"{'1. open': '69.2800', '2. high': '71.0000', '3. low': '65.5500', '4. close': '69.3300', '5. adjusted close': '69.3300', '6. volume': '3324151', '7. dividend amount': '0.0000'}"
,"{'1. open': '68.3400', '2. high': '71.8600', '3. low': '64.7500', '4. close': '69.3900', '5. adjusted close': '69.3900', '6. volume': '3544434', '7. dividend amount': '0.0000'}"
,"{'1. open': '63.2800', '2. high': '69.3099', '3. low': '60.3700', '4. close': '68.5000', '5. adjusted close': '68.5000', '6. volume': '4688570', '7. dividend amount': '0.0000'}"
,"{'1. open': '68.0400', '2. high': '68.1200', '3. low': '59.4100', '4. close': '63.7000', '5. adjusted close': '63.7000', '6. volume': '4793297', '7. dividend amount': '0.0000'}"
,"{'1. open': '71.6000', '2. high': '75.7600', '3. low': '66.7100', '4. close': '68.2500', '5. adjusted close': '68.2500', '6. volume': '3856416', '7. dividend amount': '0.0000'}"
,"{'1. open': '71.1200', '2. high': '72.5500', '3. low': '61.6900', '4. close': '71.9700', '5. adjusted close': '71.9700', '6. volume': '3939319', '7. dividend amount': '0.0000'}"
,"{'1. open': '74.1800', '2. high': '79.2500', '3. low': '64.6000', '4. close': '72.0700', '5. adjusted close': '72.0700', '6. volume': '8291835', '7. dividend amount': '0.0000'}"
,"{'1. open': '67.8900', '2. high': '76.2700', '3. low': '67.5100', '4. close': '73.5700', '5. adjusted close': '73.5700', '6. volume': '3961718', '7. dividend amount': '0.0000'}"
,"{'1. open': '62.6800', '2. high': '68.1900', '3. low': '62.0300', '4. close': '67.5000', '5. adjusted close': '67.5000', '6. volume': '3206284', '7. dividend amount': '0.0000'}"
,"{'1. open': '61.6600', '2. high': '66.0000', '3. low': '58.1900', '4. close': '62.7700', '5. adjusted close': '62.7700', '6. volume': '5194668', '7. dividend amount': '0.0000'}"
,"{'1. open': '67.7900', '2. high': '69.5500', '3. low': '63.5000', '4. close': '63.6800', '5. adjusted close': '63.6800', '6. volume': '3250947', '7. dividend amount': '0.0000'}"
,"{'1. open': '69.0900', '2. high': '79.6200', '3. low': '65.2500', '4. close': '69.2900', '5. adjusted close': '69.2900', '6. volume': '8272746', '7. dividend amount': '0.0000'}"
,"{'1. open': '73.6000', '2. high': '76.2000', '3. low': '68.2200', '4. close': '69.5600', '5. adjusted close': '69.5600', '6. volume': '3691071', '7. dividend amount': '0.0000'}"
,"{'1. open': '74.0400', '2. high': '74.7950', '3. low': '69.5701', '4. close': '72.1600', '5. adjusted close': '72.1600', '6. volume': '2439970', '7. dividend amount': '0.0000'}"
,"{'1. open': '70.0000', '2. high': '75.3800', '3. low': '68.0550', '4. close': '74.5200', '5. adjusted close': '74.5200', '6. volume': '2591728', '7. dividend amount': '0.0000'}"
,"{'1. open': '74.2500', '2. high': '75.4400', '3. low': '66.2600', '4. close': '71.6200', '5. adjusted close': '71.6200', '6. volume': '4371644', '7. dividend amount': '0.0000'}"
,"{'1. open': '70.5000', '2. high': '81.8300', '3. low': '69.2900', '4. close': '75.0300', '5. adjusted close': '75.0300', '6. volume': '3698417', '7. dividend amount': '0.0000'}"
,"{'1. open': '77.1700', '2. high': '77.5200', '3. low': '68.5900', '4. close': '69.8200', '5. adjusted close': '69.8200', '6. volume': '4134957', '7. dividend amount': '0.0000'}"
,"{'1. open': '82.3400', '2. high': '82.5000', '3. low': '73.7000', '4. close': '75.8900', '5. adjusted close': '75.8900', '6. volume': '2360595', '7. dividend amount': '0.0000'}"
,"{'1. open': '85.2600', '2. high': '86.7200', '3. low': '80.4200', '4. close': '81.9300', '5. adjusted close': '81.9300', '6. volume': '2341904', '7. dividend amount': '0.0000'}"
,"{'1. open': '89.0000', '2. high': '91.3600', '3. low': '82.1900', '4. close': '84.4900', '5. adjusted close': '84.4900', '6. volume': '4681372', '7. dividend amount': '0.0000'}"
,"{'1. open': '71.6100', '2. high': '100.8500', '3. low': '70.7405', '4. close': '90.9700', '5. adjusted close': '90.9700', '6. volume': '17177273', '7. dividend amount': '0.0000'}"
,"{'1. open': '70.9500', '2. high': '72.9000', '3. low': '68.2300', '4. close': '69.1700', '5. adjusted close': '69.1700', '6. volume': '4258615', '7. dividend amount': '0.0000'}"
,"{'1. open': '74.8600', '2. high': '77.5950', '3. low': '69.9800', '4. close': '70.6800', '5. adjusted close': '70.6800', '6. volume': '4581449', '7. dividend amount': '0.0000'}"
,"{'1. open': '77.2600', '2. high': '78.9000', '3. low': '73.1200', '4. close': '75.4300', '5. adjusted close': '75.4300', '6. volume': '3389250', '7. dividend amount': '0.0000'}"
,"{'1. open': '80.8700', '2. high': '80.8800', '3. low': '76.2700', '4. close': '78.1500', '5. adjusted close': '78.1500', '6. volume': '3107082', '7. dividend amount': '0.0000'}"
,"{'1. open': '86.0300', '2. high': '86.4300', '3. low': '77.5900', '4. close': '81.4400', '5. adjusted close': '81.4400', '6. volume': '3048173', '7. dividend amount': '0.0000'}"
,"{'1. open': '82.2500', '2. high': '86.9200', '3. low': '80.3000', '4. close': '86.0000', '5. adjusted close': '86.0000', '6. volume': '3484386', '7. dividend amount': '0.0000'}"
,"{'1. open': '82.4300', '2. high': '86.8000', '3. low': '80.6500', '4. close': '83.9700', '5. adjusted close': '83.9700', '6. volume': '3684232', '7. dividend amount': '0.0000'}"
,"{'1. open': '85.3500', '2. high': '87.0400', '3. low': '82.0600', '4. close': '82.1600', '5. adjusted close': '82.1600', '6. volume': '2328885', '7. dividend amount': '0.0000'}"
,"{'1. open': '87.8100', '2. high': '89.4500', '3. low': '84.7900', '4. close': '85.3600', '5. adjusted close': '85.3600', '6. volume': '2037168', '7. dividend amount': '0.0000'}"
,"{'1. open': '84.3500', '2. high': '89.2400', '3. low': '83.6300', '4. close': '88.0300', '5. adjusted close': '88.0300', '6. volume': '2471028', '7. dividend amount': '0.0000'}"
,"{'1. open': '88.8000', '2. high': '89.0000', '3. low': '82.8700', '4. close': '84.1500', '5. adjusted close': '84.1500', '6. volume': '2525854', '7. dividend amount': '0.0000'}"
,"{'1. open': '89.9400', '2. high': '93.3600', '3. low': '87.7200', '4. close': '89.4400', '5. adjusted close': '89.4400', '6. volume': '2901826', '7. dividend amount': '0.0000'}"
,"{'1. open': '101.2900', '2. high': '101.8900', '3. low': '88.8800', '4. close': '90.3600', '5. adjusted close': '90.3600', '6. volume': '4964207', '7. dividend amount': '0.0000'}"
,"{'1. open': '101.3800', '2. high': '104.9800', '3. low': '99.8600', '4. close': '100.5400', '5. adjusted close': '100.5400', '6. volume': '2594611', '7. dividend amount': '0.0000'}"
,"{'1. open': '90.0000', '2. high': '101.8900', '3. low': '87.1750', '4. close': '101.0200', '5. adjusted close': '101.0200', '6. volume': '3899870', '7. dividend amount': '0.0000'}"
,"{'1. open': '104.8500', '2. high': '106.3800', '3. low': '91.2000', '4. close': '92.6900', '5. adjusted close': '92.6900', '6. volume': '4081670', '7. dividend amount': '0.0000'}"
,"{'1. open': '104.1900', '2. high': '107.5400', '3. low': '99.1100', '4. close': '106.0600', '5. adjusted close': '106.0600', '6. volume': '1746263', '7. dividend amount': '0.0000'}"
,"{'1. open': '105.2500', '2. high': '109.8800', '3. low': '103.2700', '4. close': '104.1900', '5. adjusted close': '104.1900', '6. volume': '2150277', '7. dividend amount': '0.0000'}"
,"{'1. open': '95.0000', '2. high': '111.4900', '3. low': '92.5400', '4. close': '105.2300', '5. adjusted close': '105.2300', '6. volume': '4650730', '7. dividend amount': '0.0000'}"
,"{'1. open': '100.6100', '2. high': '102.1876', '3. low': '93.7900', '4. close': '94.3900', '5. adjusted close': '94.3900', '6. volume': '3666509', '7. dividend amount': '0.0000'}"
,"{'1. open': '89.1300', '2. high': '102.0100', '3. low': '88.9000', '4. close': '100.3000', '5. adjusted close': '100.3000', '6. volume': '5739275', '7. dividend amount': '0.0000'}"
,"{'1. open': '94.1100', '2. high': '94.9400', '3. low': '88.4000', '4. close': '89.2800', '5. adjusted close': '89.2800', '6. volume': '5135998', '7. dividend amount': '0.0000'}"
,"{'1. open': '83.9300', '2. high': '96.1000', '3. low': '82.7150', '4. close': '93.9800', '5. adjusted close': '93.9800', '6. volume': '8227818', '7. dividend amount': '0.0000'}"
,"{'1. open': '82.9000', '2. high': '87.1600', '3. low': '80.2200', '4. close': '83.6800', '5. adjusted close': '83.6800', '6. volume': '4806087', '7. dividend amount': '0.0000'}"
,"{'1. open': '89.6001', '2. high': '91.1350', '3. low': '78.0000', '4. close': '83.2500', '5. adjusted close': '83.2500', '6. volume': '7639533', '7. dividend amount': '0.0000'}"
,"{'1. open': '109.2100', '2. high': '110.4000', '3. low': '88.8800', '4. close': '89.4800', '5. adjusted close': '89.4800', '6. volume': '7110089', '7. dividend amount': '0.0000'}"
,"{'1. open': '111.0100', '2. high': '114.7222', '3. low': '108.4550', '4. close': '108.7500', '5. adjusted close': '108.7500', '6. volume': '2096058', '7. dividend amount': '0.0000'}"
,"{'1. open': '116.0000', '2. high': '116.3200', '3. low': '104.4700', '4. close': '110.3100', '5. adjusted close': '110.3100', '6. volume': '2891495', '7. dividend amount': '0.0000'}"
,"{'1. open': '114.1000', '2. high': '120.2300', '3. low': '111.5000', '4. close': '116.7800', '5. adjusted close': '116.7800', '6. volume': '2312336', '7. dividend amount': '0.0000'}"
,"{'1. open': '114.7600', '2. high': '118.3700', '3. low': '111.5000', '4. close': '114.6300', '5. adjusted close': '114.6300', '6. volume': '2307793', '7. dividend amount': '0.0000'}"
,"{'1. open': '113.9100', '2. high': '119.0000', '3. low': '109.7000', '4. close': '113.4500', '5. adjusted close': '113.4500', '6. volume': '1793781', '7. dividend amount': '0.0000'}"
,"{'1. open': '122.9600', '2. high': '124.6900', '3. low': '108.6200', '4. close': '115.0000', '5. adjusted close': '115.0000', '6. volume': '2682082', '7. dividend amount': '0.0000'}"
,"{'1. open': '123.3800', '2. high': '130.0000', '3. low': '117.5976', '4. close': '122.4300', '5. adjusted close': '122.4300', '6. volume': '4189233', '7. dividend amount': '0.0000'}"
,"{'1. open': '113.9400', '2. high': '124.9900', '3. low': '111.4500', '4. close': '121.8100', '5. adjusted close': '121.8100', '6. volume': '3835201', '7. dividend amount': '0.0000'}"
,"{'1. open': '118.6600', '2. high': '124.7750', '3. low': '103.4500', '4. close': '112.7600', '5. adjusted close': '112.7600', '6. volume': '5494403', '7. dividend amount': '0.0000'}"
,"{'1. open': '124.5100', '2. high': '126.8400', '3. low': '112.7900', '4. close': '118.4800', '5. adjusted close': '118.4800', '6. volume': '3841987', '7. dividend amount': '0.0000'}"
,"{'1. open': '128.6900', '2. high': '129.2600', '3. low': '118.0000', '4. close': '124.5400', '5. adjusted close': '124.5400', '6. volume': '2367289', '7. dividend amount': '0.0000'}"
,"{'1. open': '118.3500', '2. high': '132.4950', '3. low': '116.0100', '4. close': '128.7900', '5. adjusted close': '128.7900', '6. volume': '3940073', '7. dividend amount': '0.0000'}"
,"{'1. open': '112.7800', '2. high': '118.5333', '3. low': '107.2800', '4. close': '117.5500', '5. adjusted close': '117.5500', '6. volume': '3571483', '7. dividend amount': '0.0000'}"
,"{'1. open': '112.1300', '2. high': '138.3800', '3. low': '106.9600', '4. close': '113.4200', '5. adjusted close': '113.4200', '6. volume': '8927162', '7. dividend amount': '0.0000'}"
,"{'1. open': '112.8200', '2. high': '115.4100', '3. low': '107.1900', '4. close': '111.2100', '5. adjusted close': '111.2100', '6. volume': '3062221', '7. dividend amount': '0.0000'}"
,"{'1. open': '91.2400', '2. high': '116.6500', '3. low': '90.3200', '4. close': '111.2600', '5. adjusted close': '111.2600', '6. volume': '7597966', '7. dividend amount': '0.0000'}"
,"{'1. open': '85.0000', '2. high': '91.3200', '3. low': '82.1600', '4. close': '91.2900', '5. adjusted close': '91.2900', '6. volume': '3275733', '7. dividend amount': '0.0000'}"
,"{'1. open': '89.5000', '2. high': '89.5400', '3. low': '82.3900', '4. close': '84.7800', '5. adjusted close': '84.7800', '6. volume': '2380103', '7. dividend amount': '0.0000'}"
,"{'1. open': '87.6400', '2. high': '90.9100', '3. low': '86.2100', '4. close': '87.8000', '5. adjusted close': '87.8000', '6. volume': '2002997', '7. dividend amount': '0.0000'}"
,"{'1. open': '87.0400', '2. high': '91.9900', '3. low': '84.6900', '4. close': '90.3100', '5. adjusted close': '90.3100', '6. volume': '3693332', '7. dividend amount': '0.0000'}"
,"{'1. open': '87.9200', '2. high': '88.5000', '3. low': '83.0000', '4. close': '86.3600', '5. adjusted close': '86.3600', '6. volume': '2454333', '7. dividend amount': '0.0000'}"
,"{'1. open': '82.3300', '2. high': '88.3900', '3. low': '77.8400', '4. close': '87.7700', '5. adjusted close': '87.7700', '6. volume': '3852369', '7. dividend amount': '0.0000'}"
,"{'1. open': '76.9800', '2. high': '83.2000', '3. low': '75.9000', '4. close': '82.6500', '5. adjusted close': '82.6500', '6. volume': '2338267', '7. dividend amount': '0.0000'}"
,"{'1. open': '81.0000', '2. high': '82.0500', '3. low': '75.0409', '4. close': '75.8500', '5. adjusted close': '75.8500', '6. volume': '4015273', '7. dividend amount': '0.0000'}"
,"{'1. open': '79.9400', '2. high': '86.9850', '3. low': '74.3100', '4. close': '79.0600', '5. adjusted close': '79.0600', '6. volume': '5866413', '7. dividend amount': '0.0000'}"
,"{'1. open': '67.7000', '2. high': '72.3500', '3. low': '64.0200', '4. close': '71.1900', '5. adjusted close': '71.1900', '6. volume': '4067603', '7. dividend amount': '0.0000'}"
,"{'1. open': '73.8200', '2. high': '73.8200', '3. low': '64.6800', '4. close': '67.5200', '5. adjusted close': '67.5200', '6. volume': '5065729', '7. dividend amount': '0.0000'}"
,"{'1. open': '70.5300', '2. high': '75.4200', '3. low': '67.4100', '4. close': '74.7400', '5. adjusted close': '74.7400', '6. volume': '3773162', '7. dividend amount': '0.0000'}"
,"{'1. open': '71.1900', '2. high': '74.2300', '3. low': '69.5600', '4. close': '70.2700', '5. adjusted close': '70.2700', '6. volume': '3506196', '7. dividend amount': '0.0000'}"
,"{'1. open': '67.4600', '2. high': '72.3600', '3. low': '64.8600', '4. close': '72.1800', '5. adjusted close': '72.1800', '6. volume': '4267445', '7. dividend amount': '0.0000'}"
,"{'1. open': '67.3000', '2. high': '68.7900', '3. low': '63.4900', '4. close': '66.7700', '5. adjusted close': '66.7700', '6. volume': '5747187', '7. dividend amount': '0.0000'}"
,"{'1. open': '66.1500', '2. high': '68.6600', '3. low': '64.5200', '4. close': '66.2500', '5. adjusted close': '66.2500', '6. volume': '4211237', '7. dividend amount': '0.0000'}"
,"{'1. open': '66.8500', '2. high': '72.4900', '3. low': '66.4200', '4. close': '67.5800', '5. adjusted close': '67.5800', '6. volume': '4841880', '7. dividend amount': '0.0000'}"
,"{'1. open': '65.7700', '2. high': '72.3700', '3. low': '64.4300', '4. close': '65.3600', '5. adjusted close': '65.3600', '6. volume': '6233501', '7. dividend amount': '0.0000'}"
,"{'1. open': '67.9400', '2. high': '69.2400', '3. low': '65.4700', '4. close': '66.9600', '5. adjusted close': '66.9600', '6. volume': '5565842', '7. dividend amount': '0.0000'}"
,"{'1. open': '59.0100', '2. high': '67.8100', '3. low': '56.7100', '4. close': '67.4500', '5. adjusted close': '67.4500', '6. volume': '7489568', '7. dividend amount': '0.0000'}"
,"{'1. open': '54.4900', '2. high': '58.5000', '3. low': '53.1700', '4. close': '58.3400', '5. adjusted close': '58.3400', '6. volume': '7840458', '7. dividend amount': '0.0000'}"
,"{'1. open': '51.6100', '2. high': '55.6099', '3. low': '50.3800', '4. close': '54.5200', '5. adjusted close': '54.5200', '6. volume': '5692197', '7. dividend amount': '0.0000'}"
,"{'1. open': '47.9400', '2. high': '52.3300', '3. low': '47.5200', '4. close': '51.0700', '5. adjusted close': '51.0700', '6. volume': '8062356', '7. dividend amount': '0.0000'}"
,"{'1. open': '51.8000', '2. high': '56.3000', '3. low': '47.1300', '4. close': '48.5500', '5. adjusted close': '48.5500', '6. volume': '11241649', '7. dividend amount': '0.0000'}"
,"{'1. open': '49.5800', '2. high': '53.8000', '3. low': '48.7900', '4. close': '51.8300', '5. adjusted close': '51.8300', '6. volume': '4868302', '7. dividend amount': '0.0000'}"
,"{'1. open': '48.6500', '2. high': '51.6900', '3. low': '47.1200', '4. close': '49.5300', '5. adjusted close': '49.5300', '6. volume': '5404100', '7. dividend amount': '0.0000'}"
,"{'1. open': '54.5100', '2. high': '54.8000', '3. low': '47.1400', '4. close': '48.2900', '5. adjusted close': '48.2900', '6. volume': '8564400', '7. dividend amount': '0.0000'}"
,"{'1. open': '50.0400', '2. high': '54.7500', '3. low': '48.7800', '4. close': '53.6400', '5. adjusted close': '53.6400', '6. volume': '4073800', '7. dividend amount': '0.0000'}"
,"{'1. open': '53.8900', '2. high': '56.5600', '3. low': '49.3900', '4. close': '49.6200', '5. adjusted close': '49.6200', '6. volume': '8105177', '7. dividend amount': '0.0000'}"
,"{'1. open': '52.2500', '2. high': '58.0750', '3. low': '51.5200', '4. close': '54.5100', '5. adjusted close': '54.5100', '6. volume': '6946686', '7. dividend amount': '0.0000'}"
,"{'1. open': '61.4200', '2. high': '63.8000', '3. low': '52.2100', '4. close': '54.6000', '5. adjusted close': '54.6000', '6. volume': '7903980', '7. dividend amount': '0.0000'}"
,"{'1. open': '55.2100', '2. high': '63.2300', '3. low': '53.0300', '4. close': '59.7900', '5. adjusted close': '59.7900', '6. volume': '8337268', '7. dividend amount': '0.0000'}"
,"{'1. open': '55.4200', '2. high': '58.0900', '3. low': '52.9100', '4. close': '55.5500', '5. adjusted close': '55.5500', '6. volume': '5268758', '7. dividend amount': '0.0000'}"
,"{'1. open': '51.6200', '2. high': '53.3300', '3. low': '49.4200', '4. close': '52.4500', '5. adjusted close': '52.4500', '6. volume': '4517018', '7. dividend amount': '0.0000'}"
,"{'1. open': '53.8200', '2. high': '55.2300', '3. low': '45.5100', '4. close': '48.8400', '5. adjusted close': '48.8400', '6. volume': '7849997', '7. dividend amount': '0.0000'}"
,"{'1. open': '49.8900', '2. high': '55.2800', '3. low': '48.3300', '4. close': '55.0100', '5. adjusted close': '55.0100', '6. volume': '13506888', '7. dividend amount': '0.0000'}"
,"{'1. open': '50.3600', '2. high': '57.1015', '3. low': '50.1950', '4. close': '51.7000', '5. adjusted close': '51.7000', '6. volume': '8736312', '7. dividend amount': '0.0000'}"
,"{'1. open': '42.2000', '2. high': '51.5000', '3. low': '41.5600', '4. close': '49.3700', '5. adjusted close': '49.3700', '6. volume': '16118995', '7. dividend amount': '0.0000'}"
,"{'1. open': '45.0800', '2. high': '45.7500', '3. low': '40.5600', '4. close': '43.5000', '5. adjusted close': '43.5000', '6. volume': '10861385', '7. dividend amount': '0.0000'}"
,"{'1. open': '35.9100', '2. high': '48.4900', '3. low': '35.7900', '4. close': '44.5400', '5. adjusted close': '44.5400', '6. volume': '10864217', '7. dividend amount': '0.0000'}"
,"{'1. open': '40.1900', '2. high': '41.5300', '3. low': '30.5700', '4. close': '33.1900', '5. adjusted close': '33.1900', '6. volume': '12561907', '7. dividend amount': '0.0000'}"
,"{'1. open': '35.0000', '2. high': '45.6500', '3. low': '34.0100', '4. close': '40.6400', '5. adjusted close': '40.6400', '6. volume': '10044104', '7. dividend amount': '0.0000'}"
,"{'1. open': '32.5500', '2. high': '39.9362', '3. low': '30.0100', '4. close': '34.7800', '5. adjusted close': '34.7800', '6. volume': '14879055', '7. dividend amount': '0.0000'}"
,"{'1. open': '47.3600', '2. high': '49.9600', '3. low': '35.6700', '4. close': '38.7000', '5. adjusted close': '38.7000', '6. volume': '13625693', '7. dividend amount': '0.0000'}"
,"{'1. open': '59.3300', '2. high': '59.3300', '3. low': '49.5000', '4. close': '52.2500', '5. adjusted close': '52.2500', '6. volume': '10162016', '7. dividend amount': '0.0000'}"
,"{'1. open': '73.0800', '2. high': '74.2700', '3. low': '57.8300', '4. close': '59.4400', '5. adjusted close': '59.4400', '6. volume': '19520248', '7. dividend amount': '0.0000'}"
,"{'1. open': '73.4700', '2. high': '78.4750', '3. low': '72.3020', '4. close': '74.8000', '5. adjusted close': '74.8000', '6. volume': '6867689', '7. dividend amount': '0.0000'}"
,"{'1. open': '74.1000', '2. high': '75.7300', '3. low': '71.8700', '4. close': '73.2800', '5. adjusted close': '73.2800', '6. volume': '6454134', '7. dividend amount': '0.0000'}"
,"{'1. open': '67.5100', '2. high': '75.0876', '3. low': '67.2950', '4. close': '73.9900', '5. adjusted close': '73.9900', '6. volume': '7617702', '7. dividend amount': '0.0000'}"
,"{'1. open': '66.6600', '2. high': '69.1000', '3. low': '66.0000', '4. close': '67.4500', '5. adjusted close': '67.4500', '6. volume': '6371153', '7. dividend amount': '0.0000'}"
,"{'1. open': '69.7500', '2. high': '72.8400', '3. low': '67.6400', '4. close': '68.4500', '5. adjusted close': '68.4500', '6. volume': '9816336', '7. dividend amount': '0.0000'}"
,"{'1. open': '61.0000', '2. high': '71.7800', '3. low': '59.1500', '4. close': '69.9100', '5. adjusted close': '69.9100', '6. volume': '26347150', '7. dividend amount': '0.0000'}"
,"{'1. open': '59.9900', '2. high': '62.6900', '3. low': '58.8500', '4. close': '61.1200', '5. adjusted close': '61.1200', '6. volume': '6354841', '7. dividend amount': '0.0000'}"
,"{'1. open': '60.3200', '2. high': '61.6200', '3. low': '59.0500', '4. close': '60.4900', '5. adjusted close': '60.4900', '6. volume': '3635898', '7. dividend amount': '0.0000'}"
,"{'1. open': '61.5800', '2. high': '61.6300', '3. low': '58.3800', '4. close': '60.5200', '5. adjusted close': '60.5200', '6. volume': '4187082', '7. dividend amount': '0.0000'}"
,"{'1. open': '59.7500', '2. high': '62.6500', '3. low': '58.0000', '4. close': '61.5000', '5. adjusted close': '61.5000', '6. volume': '6907838', '7. dividend amount': '0.0000'}"
,"{'1. open': '58.5800', '2. high': '60.4200', '3. low': '57.4700', '4. close': '58.9900', '5. adjusted close': '58.9900', '6. volume': '4716253', '7. dividend amount': '0.0000'}"
,"{'1. open': '62.0000', '2. high': '62.9200', '3. low': '58.5700', '4. close': '58.6600', '5. adjusted close': '58.6600', '6. volume': '5906309', '7. dividend amount': '0.0000'}"
,"{'1. open': '59.9900', '2. high': '63.0400', '3. low': '59.9200', '4. close': '61.9800', '5. adjusted close': '61.9800', '6. volume': '3536315', '7. dividend amount': '0.0000'}"
,"{'1. open': '62.7000', '2. high': '63.1400', '3. low': '58.3300', '4. close': '59.7200', '5. adjusted close': '59.7200', '6. volume': '7188321', '7. dividend amount': '0.0000'}"
,"{'1. open': '61.7000', '2. high': '64.2900', '3. low': '60.9000', '4. close': '62.6600', '5. adjusted close': '62.6600', '6. volume': '8746911', '7. dividend amount': '0.0000'}"
,"{'1. open': '83.5000', '2. high': '85.4300', '3. low': '62.0000', '4. close': '62.0600', '5. adjusted close': '62.0600', '6. volume': '28232601', '7. dividend amount': '0.0000'}"
,"{'1. open': '84.8700', '2. high': '85.3200', '3. low': '80.8600', '4. close': '82.7700', '5. adjusted close': '82.7700', '6. volume': '3689516', '7. dividend amount': '0.0000'}"
,"{'1. open': '93.2000', '2. high': '93.9950', '3. low': '82.8800', '4. close': '84.7200', '5. adjusted close': '84.7200', '6. volume': '3855569', '7. dividend amount': '0.0000'}"
,"{'1. open': '91.7700', '2. high': '93.4000', '3. low': '88.7514', '4. close': '92.8100', '5. adjusted close': '92.8100', '6. volume': '2917192', '7. dividend amount': '0.0000'}"
,"{'1. open': '94.1100', '2. high': '94.5700', '3. low': '91.3000', '4. close': '91.6200', '5. adjusted close': '91.6200', '6. volume': '2189841', '7. dividend amount': '0.0000'}"
,"{'1. open': '95.5100', '2. high': '98.6000', '3. low': '91.0200', '4. close': '94.6600', '5. adjusted close': '94.6600', '6. volume': '4000456', '7. dividend amount': '0.0000'}"
,"{'1. open': '104.5100', '2. high': '104.8600', '3. low': '94.3900', '4. close': '95.5200', '5. adjusted close': '95.5200', '6. volume': '4020992', '7. dividend amount': '0.0000'}"
,"{'1. open': '99.3200', '2. high': '104.4700', '3. low': '99.0400', '4. close': '104.2800', '5. adjusted close': '104.2800', '6. volume': '4341990', '7. dividend amount': '0.0000'}"
,"{'1. open': '103.9700', '2. high': '105.3400', '3. low': '95.0200', '4. close': '99.9400', '5. adjusted close': '99.9400', '6. volume': '4673024', '7. dividend amount': '0.0000'}"
,"{'1. open': '99.0200', '2. high': '105.8400', '3. low': '96.7700', '4. close': '103.1200', '5. adjusted close': '103.1200', '6. volume': '4423128', '7. dividend amount': '0.0000'}"
,"{'1. open': '98.2800', '2. high': '100.8950', '3. low': '98.0100', '4. close': '99.1600', '5. adjusted close': '99.1600', '6. volume': '3178625', '7. dividend amount': '0.0000'}"
,"{'1. open': '97.8900', '2. high': '100.1800', '3. low': '95.1500', '4. close': '97.8500', '5. adjusted close': '97.8500', '6. volume': '4270836', '7. dividend amount': '0.0000'}"
,"{'1. open': '88.3300', '2. high': '98.0600', '3. low': '88.3300', '4. close': '97.0900', '5. adjusted close': '97.0900', '6. volume': '6330495', '7. dividend amount': '0.0000'}"
,"{'1. open': '74.8400', '2. high': '90.5500', '3. low': '72.4200', '4. close': '88.7300', '5. adjusted close': '88.7300', '6. volume': '15278852', '7. dividend amount': '0.0000'}"
,"{'1. open': '75.1700', '2. high': '76.8100', '3. low': '74.1200', '4. close': '75.3000', '5. adjusted close': '75.3000', '6. volume': '4181923', '7. dividend amount': '0.0000'}"
,"{'1. open': '74.5600', '2. high': '75.6000', '3. low': '73.0500', '4. close': '74.1400', '5. adjusted close': '74.1400', '6. volume': '3168170', '7. dividend amount': '0.0000'}"
,"{'1. open': '75.9000', '2. high': '76.4900', '3. low': '72.8000', '4. close': '74.1700', '5. adjusted close': '74.1700', '6. volume': '2327804', '7. dividend amount': '0.0000'}"
,"{'1. open': '73.2700', '2. high': '75.6400', '3. low': '70.9200', '4. close': '75.4800', '5. adjusted close': '75.4800', '6. volume': '3584250', '7. dividend amount': '0.0000'}"
,"{'1. open': '72.7700', '2. high': '73.8000', '3. low': '68.1000', '4. close': '73.5700', '5. adjusted close': '73.5700', '6. volume': '2706753', '7. dividend amount': '0.0000'}"
,"{'1. open': '67.0000', '2. high': '72.4000', '3. low': '66.3200', '4. close': '72.2000', '5. adjusted close': '72.2000', '6. volume': '4317328', '7. dividend amount': '0.0000'}"
,"{'1. open': '67.1200', '2. high': '68.0300', '3. low': '64.9000', '4. close': '66.7500', '5. adjusted close': '66.7500', '6. volume': '2352848', '7. dividend amount': '0.0000'}"
,"{'1. open': '64.0800', '2. high': '68.5000', '3. low': '64.0290', '4. close': '67.0400', '5. adjusted close': '67.0400', '6. volume': '2392615', '7. dividend amount': '0.0000'}"
,"{'1. open': '61.1800', '2. high': '64.1900', '3. low': '58.5100', '4. close': '63.6800', '5. adjusted close': '63.6800', '6. volume': '3455798', '7. dividend amount': '0.0000'}"
,"{'1. open': '59.4400', '2. high': '61.3700', '3. low': '58.1500', '4. close': '61.3500', '5. adjusted close': '61.3500', '6. volume': '2299135', '7. dividend amount': '0.0000'}"
,"{'1. open': '59.3400', '2. high': '60.4350', '3. low': '57.0800', '4. close': '59.1600', '5. adjusted close': '59.1600', '6. volume': '3076907', '7. dividend amount': '0.0000'}"
,"{'1. open': '59.2500', '2. high': '61.8000', '3. low': '58.7100', '4. close': '59.7700', '5. adjusted close': '59.7700', '6. volume': '3658035', '7. dividend amount': '0.0000'}"
,"{'1. open': '58.9300', '2. high': '60.9700', '3. low': '56.6300', '4. close': '60.3900', '5. adjusted close': '60.3900', '6. volume': '5304293', '7. dividend amount': '0.0000'}"
,"{'1. open': '61.9000', '2. high': '67.0200', '3. low': '59.1500', '4. close': '60.2000', '5. adjusted close': '60.2000', '6. volume': '8260770', '7. dividend amount': '0.0000'}"
,"{'1. open': '59.8200', '2. high': '62.1500', '3. low': '59.1500', '4. close': '61.9700', '5. adjusted close': '61.9700', '6. volume': '2334748', '7. dividend amount': '0.0000'}"
,"{'1. open': '60.3200', '2. high': '60.3600', '3. low': '57.2100', '4. close': '59.8200', '5. adjusted close': '59.8200', '6. volume': '1563815', '7. dividend amount': '0.0000'}"
,"{'1. open': '59.9800', '2. high': '60.9400', '3. low': '57.2900', '4. close': '60.6600', '5. adjusted close': '60.6600', '6. volume': '2443514', '7. dividend amount': '0.0000'}"
,"{'1. open': '59.6000', '2. high': '60.3900', '3. low': '57.5700', '4. close': '60.1300', '5. adjusted close': '60.1300', '6. volume': '2481502', '7. dividend amount': '0.0000'}"
,"{'1. open': '54.3600', '2. high': '59.1600', '3. low': '53.3600', '4. close': '59.1500', '5. adjusted close': '59.1500', '6. volume': '2667398', '7. dividend amount': '0.0000'}"
,"{'1. open': '53.3800', '2. high': '56.4200', '3. low': '53.3800', '4. close': '54.3600', '5. adjusted close': '54.3600', '6. volume': '2798171', '7. dividend amount': '0.0000'}"
,"{'1. open': '52.5200', '2. high': '55.0400', '3. low': '52.0400', '4. close': '53.3500', '5. adjusted close': '53.3500', '6. volume': '3315391', '7. dividend amount': '0.0000'}"
,"{'1. open': '52.5000', '2. high': '53.0900', '3. low': '50.7700', '4. close': '52.2800', '5. adjusted close': '52.2800', '6. volume': '2679809', '7. dividend amount': '0.0000'}"
,"{'1. open': '53.5900', '2. high': '55.6200', '3. low': '49.2800', '4. close': '52.4700', '5. adjusted close': '52.4700', '6. volume': '9083849', '7. dividend amount': '0.0000'}"
,"{'1. open': '52.5800', '2. high': '53.3400', '3. low': '51.8800', '4. close': '52.8900', '5. adjusted close': '52.8900', '6. volume': '1700394', '7. dividend amount': '0.0000'}"
,"{'1. open': '51.0100', '2. high': '53.1700', '3. low': '51.0100', '4. close': '53.0200', '5. adjusted close': '53.0200', '6. volume': '1829446', '7. dividend amount': '0.0000'}"
,"{'1. open': '48.0700', '2. high': '51.6500', '3. low': '48.0200', '4. close': '50.8400', '5. adjusted close': '50.8400', '6. volume': '2391707', '7. dividend amount': '0.0000'}"
,"{'1. open': '47.7100', '2. high': '50.1000', '3. low': '47.2900', '4. close': '48.0900', '5. adjusted close': '48.0900', '6. volume': '2435477', '7. dividend amount': '0.0000'}"
,"{'1. open': '48.5500', '2. high': '49.2000', '3. low': '46.3400', '4. close': '48.2500', '5. adjusted close': '48.2500', '6. volume': '2026235', '7. dividend amount': '0.0000'}"
,"{'1. open': '50.6500', '2. high': '51.6100', '3. low': '45.9400', '4. close': '49.3900', '5. adjusted close': '49.3900', '6. volume': '5598611', '7. dividend amount': '0.0000'}"
,"{'1. open': '46.5000', '2. high': '50.9300', '3. low': '45.6000', '4. close': '50.7900', '5. adjusted close': '50.7900', '6. volume': '3035047', '7. dividend amount': '0.0000'}"
,"{'1. open': '43.7500', '2. high': '46.4700', '3. low': '43.1840', '4. close': '46.2800', '5. adjusted close': '46.2800', '6. volume': '2469888', '7. dividend amount': '0.0000'}"
,"{'1. open': '41.9400', '2. high': '44.9150', '3. low': '40.6700', '4. close': '43.5100', '5. adjusted close': '43.5100', '6. volume': '2651769', '7. dividend amount': '0.0000'}"
,"{'1. open': '45.6500', '2. high': '46.5600', '3. low': '42.3200', '4. close': '42.4800', '5. adjusted close': '42.4800', '6. volume': '3354346', '7. dividend amount': '0.0000'}"
,"{'1. open': '48.0000', '2. high': '48.5667', '3. low': '45.3900', '4. close': '45.7600', '5. adjusted close': '45.7600', '6. volume': '2814634', '7. dividend amount': '0.0000'}"
,"{'1. open': '55.5500', '2. high': '55.9799', '3. low': '47.6900', '4. close': '47.9300', '5. adjusted close': '47.9300', '6. volume': '3587719', '7. dividend amount': '0.0000'}"
,"{'1. open': '51.8400', '2. high': '55.7700', '3. low': '50.5600', '4. close': '55.5500', '5. adjusted close': '55.5500', '6. volume': '4758648', '7. dividend amount': '0.0000'}"
,"{'1. open': '50.4400', '2. high': '52.2100', '3. low': '48.9100', '4. close': '51.3500', '5. adjusted close': '51.3500', '6. volume': '2083525', '7. dividend amount': '0.0000'}"
,"{'1. open': '50.9600', '2. high': '52.3600', '3. low': '48.2400', '4. close': '50.5600', '5. adjusted close': '50.5600', '6. volume': '3694764', '7. dividend amount': '0.0000'}"
,"{'1. open': '47.0000', '2. high': '52.1700', '3. low': '46.5100', '4. close': '50.9400', '5. adjusted close': '50.9400', '6. volume': '4817616', '7. dividend amount': '0.0000'}"
,"{'1. open': '52.8500', '2. high': '55.1700', '3. low': '46.3101', '4. close': '47.1900', '5. adjusted close': '47.1900', '6. volume': '7497031', '7. dividend amount': '0.0000'}"
,"{'1. open': '54.7500', '2. high': '55.4000', '3. low': '50.4113', '4. close': '52.2500', '5. adjusted close': '52.2500', '6. volume': '3343336', '7. dividend amount': '0.0000'}"
,"{'1. open': '57.3800', '2. high': '61.1700', '3. low': '53.8600', '4. close': '54.6200', '5. adjusted close': '54.6200', '6. volume': '2977520', '7. dividend amount': '0.0000'}"
,"{'1. open': '60.9700', '2. high': '62.8400', '3. low': '55.8500', '4. close': '57.1100', '5. adjusted close': '57.1100', '6. volume': '3572554', '7. dividend amount': '0.0000'}"
,"{'1. open': '62.9900', '2. high': '63.3199', '3. low': '59.9500', '4. close': '61.1800', '5. adjusted close': '61.1800', '6. volume': '2907867', '7. dividend amount': '0.0000'}"
,"{'1. open': '57.8900', '2. high': '63.4700', '3. low': '56.9800', '4. close': '63.0100', '5. adjusted close': '63.0100', '6. volume': '3580822', '7. dividend amount': '0.0000'}"
,"{'1. open': '57.0300', '2. high': '59.3900', '3. low': '56.1900', '4. close': '58.1900', '5. adjusted close': '58.1900', '6. volume': '3809462', '7. dividend amount': '0.0000'}"
,"{'1. open': '58.0400', '2. high': '59.8900', '3. low': '56.2200', '4. close': '57.2000', '5. adjusted close': '57.2000', '6. volume': '3232387', '7. dividend amount': '0.0000'}"
,"{'1. open': '60.4900', '2. high': '60.6000', '3. low': '57.3701', '4. close': '57.9000', '5. adjusted close': '57.9000', '6. volume': '2516546', '7. dividend amount': '0.0000'}"
,"{'1. open': '58.6700', '2. high': '60.4900', '3. low': '57.3400', '4. close': '60.4500', '5. adjusted close': '60.4500', '6. volume': '3063147', '7. dividend amount': '0.0000'}"
,"{'1. open': '58.2400', '2. high': '58.7500', '3. low': '57.0463', '4. close': '58.5500', '5. adjusted close': '58.5500', '6. volume': '1943500', '7. dividend amount': '0.0000'}"
,"{'1. open': '56.5700', '2. high': '59.4600', '3. low': '56.2100', '4. close': '58.2700', '5. adjusted close': '58.2700', '6. volume': '3841669', '7. dividend amount': '0.0000'}"
,"{'1. open': '55.7000', '2. high': '57.8600', '3. low': '55.1000', '4. close': '56.5800', '5. adjusted close': '56.5800', '6. volume': '4873695', '7. dividend amount': '0.0000'}"
,"{'1. open': '64.4200', '2. high': '64.9800', '3. low': '56.0000', '4. close': '56.3400', '5. adjusted close': '56.3400', '6. volume': '10644180', '7. dividend amount': '0.0000'}"
,"{'1. open': '67.8300', '2. high': '68.7700', '3. low': '63.5401', '4. close': '64.4200', '5. adjusted close': '64.4200', '6. volume': '3066727', '7. dividend amount': '0.0000'}"
,"{'1. open': '64.4700', '2. high': '70.1200', '3. low': '64.3800', '4. close': '67.9700', '5. adjusted close': '67.9700', '6. volume': '3743347', '7. dividend amount': '0.0000'}"
,"{'1. open': '64.4400', '2. high': '65.4499', '3. low': '62.6300', '4. close': '64.3400', '5. adjusted close': '64.3400', '6. volume': '5564180', '7. dividend amount': '0.0000'}"
,"{'1. open': '66.1200', '2. high': '67.3590', '3. low': '64.0000', '4. close': '64.2600', '5. adjusted close': '64.2600', '6. volume': '4822219', '7. dividend amount': '0.0000'}"
,"{'1. open': '68.2200', '2. high': '69.5600', '3. low': '66.0800', '4. close': '66.1800', '5. adjusted close': '66.1800', '6. volume': '3818281', '7. dividend amount': '0.0000'}"
,"{'1. open': '65.0000', '2. high': '69.9600', '3. low': '64.8900', '4. close': '68.8500', '5. adjusted close': '68.8500', '6. volume': '4494691', '7. dividend amount': '0.0000'}"
,"{'1. open': '64.5700', '2. high': '65.9600', '3. low': '61.2100', '4. close': '65.3300', '5. adjusted close': '65.3300', '6. volume': '5830099', '7. dividend amount': '0.0000'}"
,"{'1. open': '60.2000', '2. high': '65.4708', '3. low': '59.7200', '4. close': '65.1800', '5. adjusted close': '65.1800', '6. volume': '5122216', '7. dividend amount': '0.0000'}"
,"{'1. open': '57.9800', '2. high': '62.5400', '3. low': '57.8000', '4. close': '60.1600', '5. adjusted close': '60.1600', '6. volume': '5624286', '7. dividend amount': '0.0000'}"
,"{'1. open': '58.9000', '2. high': '59.3909', '3. low': '56.2600', '4. close': '58.3500', '5. adjusted close': '58.3500', '6. volume': '2899103', '7. dividend amount': '0.0000'}"
,"{'1. open': '58.6800', '2. high': '59.9100', '3. low': '57.0100', '4. close': '58.4600', '5. adjusted close': '58.4600', '6. volume': '4741600', '7. dividend amount': '0.0000'}"
,"{'1. open': '54.7500', '2. high': '59.5000', '3. low': '54.6600', '4. close': '58.6800', '5. adjusted close': '58.6800', '6. volume': '9530812', '7. dividend amount': '0.0000'}"
,"{'1. open': '47.7500', '2. high': '58.9800', '3. low': '46.0000', '4. close': '55.9500', '5. adjusted close': '55.9500', '6. volume': '10561248', '7. dividend amount': '0.0000'}"
,"{'1. open': '43.6400', '2. high': '47.5000', '3. low': '42.7000', '4. close': '47.2600', '5. adjusted close': '47.2600', '6. volume': '3466176', '7. dividend amount': '0.0000'}"
,"{'1. open': '43.8800', '2. high': '44.2399', '3. low': '42.7100', '4. close': '43.4300', '5. adjusted close': '43.4300', '6. volume': '1849278', '7. dividend amount': '0.0000'}"
,"{'1. open': '43.5200', '2. high': '44.4000', '3. low': '43.1400', '4. close': '43.4400', '5. adjusted close': '43.4400', '6. volume': '2495059', '7. dividend amount': '0.0000'}"
,"{'1. open': '41.3400', '2. high': '43.5899', '3. low': '40.4800', '4. close': '43.1500', '5. adjusted close': '43.1500', '6. volume': '2875218', '7. dividend amount': '0.0000'}"
,"{'1. open': '40.6100', '2. high': '42.3500', '3. low': '40.3100', '4. close': '41.6300', '5. adjusted close': '41.6300', '6. volume': '1871514', '7. dividend amount': '0.0000'}"
,"{'1. open': '40.9900', '2. high': '41.9900', '3. low': '39.7700', '4. close': '40.1900', '5. adjusted close': '40.1900', '6. volume': '2385741', '7. dividend amount': '0.0000'}"
,"{'1. open': '42.3300', '2. high': '42.9900', '3. low': '40.8503', '4. close': '41.0200', '5. adjusted close': '41.0200', '6. volume': '2495546', '7. dividend amount': '0.0000'}"
,"{'1. open': '39.4900', '2. high': '42.4200', '3. low': '39.3000', '4. close': '42.3300', '5. adjusted close': '42.3300', '6. volume': '3286125', '7. dividend amount': '0.0000'}"
,"{'1. open': '38.0500', '2. high': '39.6350', '3. low': '37.2200', '4. close': '39.5500', '5. adjusted close': '39.5500', '6. volume': '6228638', '7. dividend amount': '0.0000'}"
,"{'1. open': '37.5000', '2. high': '38.8400', '3. low': '36.5800', '4. close': '37.8900', '5. adjusted close': '37.8900', '6. volume': '4798252', '7. dividend amount': '0.0000'}"
,"{'1. open': '39.7000', '2. high': '41.2900', '3. low': '37.3000', '4. close': '38.0300', '5. adjusted close': '38.0300', '6. volume': '12657321', '7. dividend amount': '0.0000'}"
,"{'1. open': '41.2600', '2. high': '41.9900', '3. low': '38.5400', '4. close': '39.5800', '5. adjusted close': '39.5800', '6. volume': '4343528', '7. dividend amount': '0.0000'}"
,"{'1. open': '43.8300', '2. high': '44.4252', '3. low': '41.6800', '4. close': '41.9100', '5. adjusted close': '41.9100', '6. volume': '3522169', '7. dividend amount': '0.0000'}"
,"{'1. open': '43.6400', '2. high': '45.3200', '3. low': '42.7200', '4. close': '43.8300', '5. adjusted close': '43.8300', '6. volume': '3791238', '7. dividend amount': '0.0000'}"
,"{'1. open': '43.6500', '2. high': '43.8700', '3. low': '42.2600', '4. close': '43.5000', '5. adjusted close': '43.5000', '6. volume': '2251097', '7. dividend amount': '0.0000'}"
,"{'1. open': '44.1300', '2. high': '44.9200', '3. low': '42.5000', '4. close': '43.1500', '5. adjusted close': '43.1500', '6. volume': '3001492', '7. dividend amount': '0.0000'}"
,"{'1. open': '43.3700', '2. high': '47.3900', '3. low': '43.2400', '4. close': '44.1700', '5. adjusted close': '44.1700', '6. volume': '3174617', '7. dividend amount': '0.0000'}"
,"{'1. open': '44.6100', '2. high': '44.9900', '3. low': '43.1900', '4. close': '43.2000', '5. adjusted close': '43.2000', '6. volume': '1880970', '7. dividend amount': '0.0000'}"
,"{'1. open': '45.6900', '2. high': '46.6900', '3. low': '43.8000', '4. close': '44.7900', '5. adjusted close': '44.7900', '6. volume': '2678750', '7. dividend amount': '0.0000'}"
,"{'1. open': '46.3200', '2. high': '46.9000', '3. low': '44.9000', '4. close': '45.6100', '5. adjusted close': '45.6100', '6. volume': '4930088', '7. dividend amount': '0.0000'}"
,"{'1. open': '40.7000', '2. high': '46.5600', '3. low': '40.6101', '4. close': '46.3000', '5. adjusted close': '46.3000', '6. volume': '4677452', '7. dividend amount': '0.0000'}"
,"{'1. open': '37.2200', '2. high': '41.2400', '3. low': '37.1680', '4. close': '40.7900', '5. adjusted close': '40.7900', '6. volume': '4726213', '7. dividend amount': '0.0000'}"
,"{'1. open': '37.3200', '2. high': '37.8700', '3. low': '36.8100', '4. close': '37.2600', '5. adjusted close': '37.2600', '6. volume': '1173195', '7. dividend amount': '0.0000'}"
,"{'1. open': '38.2000', '2. high': '38.4000', '3. low': '37.1000', '4. close': '37.3300', '5. adjusted close': '37.3300', '6. volume': '3146184', '7. dividend amount': '0.0000'}"
,"{'1. open': '36.9400', '2. high': '38.3500', '3. low': '35.9600', '4. close': '38.3500', '5. adjusted close': '38.3500', '6. volume': '3010787', '7. dividend amount': '0.0000'}"
,"{'1. open': '35.9800', '2. high': '38.7000', '3. low': '35.4300', '4. close': '36.9800', '5. adjusted close': '36.9800', '6. volume': '6261323', '7. dividend amount': '0.0000'}"
,"{'1. open': '34.6800', '2. high': '36.2100', '3. low': '34.6000', '4. close': '36.0600', '5. adjusted close': '36.0600', '6. volume': '3758182', '7. dividend amount': '0.0000'}"
,"{'1. open': '33.6200', '2. high': '34.9500', '3. low': '33.3400', '4. close': '34.7100', '5. adjusted close': '34.7100', '6. volume': '1946996', '7. dividend amount': '0.0000'}"
,"{'1. open': '33.9300', '2. high': '33.9900', '3. low': '33.0000', '4. close': '33.5400', '5. adjusted close': '33.5400', '6. volume': '1690126', '7. dividend amount': '0.0000'}"
,"{'1. open': '33.1300', '2. high': '34.6000', '3. low': '32.7000', '4. close': '33.7700', '5. adjusted close': '33.7700', '6. volume': '2495760', '7. dividend amount': '0.0000'}"
,"{'1. open': '33.3600', '2. high': '34.0000', '3. low': '31.0900', '4. close': '33.2300', '5. adjusted close': '33.2300', '6. volume': '4837188', '7. dividend amount': '0.0000'}"
,"{'1. open': '32.1300', '2. high': '33.5500', '3. low': '31.8000', '4. close': '33.2700', '5. adjusted close': '33.2700', '6. volume': '2257691', '7. dividend amount': '0.0000'}"
,"{'1. open': '30.9500', '2. high': '32.1500', '3. low': '30.5200', '4. close': '32.0600', '5. adjusted close': '32.0600', '6. volume': '2606869', '7. dividend amount': '0.0000'}"
,"{'1. open': '31.1400', '2. high': '31.2300', '3. low': '30.1200', '4. close': '30.8900', '5. adjusted close': '30.8900', '6. volume': '2231612', '7. dividend amount': '0.0000'}"
,"{'1. open': '30.9800', '2. high': '31.3700', '3. low': '30.3100', '4. close': '30.9600', '5. adjusted close': '30.9600', '6. volume': '3188272', '7. dividend amount': '0.0000'}"
,"{'1. open': '31.2600', '2. high': '31.8200', '3. low': '30.5850', '4. close': '30.9400', '5. adjusted close': '30.9400', '6. volume': '2106019', '7. dividend amount': '0.0000'}"
,"{'1. open': '32.5100', '2. high': '32.7500', '3. low': '30.8000', '4. close': '31.2700', '5. adjusted close': '31.2700', '6. volume': '3439194', '7. dividend amount': '0.0000'}"
,"{'1. open': '31.1200', '2. high': '32.8400', '3. low': '31.0900', '4. close': '32.3300', '5. adjusted close': '32.3300', '6. volume': '2917041', '7. dividend amount': '0.0000'}"
,"{'1. open': '33.8000', '2. high': '34.2300', '3. low': '30.9600', '4. close': '31.3500', '5. adjusted close': '31.3500', '6. volume': '6857202', '7. dividend amount': '0.0000'}"
,"{'1. open': '34.9800', '2. high': '35.4900', '3. low': '33.5750', '4. close': '33.8400', '5. adjusted close': '33.8400', '6. volume': '2347511', '7. dividend amount': '0.0000'}"
,"{'1. open': '35.0200', '2. high': '35.2000', '3. low': '33.8500', '4. close': '34.9400', '5. adjusted close': '34.9400', '6. volume': '2401643', '7. dividend amount': '0.0000'}"
,"{'1. open': '34.8600', '2. high': '35.6800', '3. low': '34.1400', '4. close': '35.0800', '5. adjusted close': '35.0800', '6. volume': '1937928', '7. dividend amount': '0.0000'}"
,"{'1. open': '35.0500', '2. high': '35.2600', '3. low': '34.4000', '4. close': '34.8600', '5. adjusted close': '34.8600', '6. volume': '1328598', '7. dividend amount': '0.0000'}"
,"{'1. open': '37.0000', '2. high': '37.2500', '3. low': '34.6000', '4. close': '34.8800', '5. adjusted close': '34.8800', '6. volume': '3161584', '7. dividend amount': '0.0000'}"
,"{'1. open': '38.0100', '2. high': '38.4500', '3. low': '36.6020', '4. close': '37.0000', '5. adjusted close': '37.0000', '6. volume': '3202142', '7. dividend amount': '0.0000'}"
,"{'1. open': '39.0400', '2. high': '39.4000', '3. low': '37.0860', '4. close': '37.9000', '5. adjusted close': '37.9000', '6. volume': '3594516', '7. dividend amount': '0.0000'}"
,"{'1. open': '37.7300', '2. high': '39.5700', '3. low': '37.0750', '4. close': '39.2500', '5. adjusted close': '39.2500', '6. volume': '3377610', '7. dividend amount': '0.0000'}"
,"{'1. open': '37.6000', '2. high': '37.9800', '3. low': '36.0900', '4. close': '37.7700', '5. adjusted close': '37.7700', '6. volume': '2761357', '7. dividend amount': '0.0000'}"
,"{'1. open': '37.8400', '2. high': '38.2770', '3. low': '36.9500', '4. close': '37.5600', '5. adjusted close': '37.5600', '6. volume': '2888018', '7. dividend amount': '0.0000'}"
,"{'1. open': '36.1900', '2. high': '38.1400', '3. low': '35.2900', '4. close': '37.8000', '5. adjusted close': '37.8000', '6. volume': '5134190', '7. dividend amount': '0.0000'}"
,"{'1. open': '36.1200', '2. high': '36.9700', '3. low': '35.3610', '4. close': '36.1000', '5. adjusted close': '36.1000', '6. volume': '5364667', '7. dividend amount': '0.0000'}"
,"{'1. open': '34.0100', '2. high': '36.2500', '3. low': '32.4000', '4. close': '36.1700', '5. adjusted close': '36.1700', '6. volume': '10599548', '7. dividend amount': '0.0000'}"
,"{'1. open': '33.9500', '2. high': '34.7400', '3. low': '33.1600', '4. close': '33.9400', '5. adjusted close': '33.9400', '6. volume': '2379935', '7. dividend amount': '0.0000'}"
,"{'1. open': '32.9200', '2. high': '34.2500', '3. low': '32.0710', '4. close': '33.4900', '5. adjusted close': '33.4900', '6. volume': '2714630', '7. dividend amount': '0.0000'}"
,"{'1. open': '32.6300', '2. high': '33.5400', '3. low': '32.3630', '4. close': '32.9200', '5. adjusted close': '32.9200', '6. volume': '1791478', '7. dividend amount': '0.0000'}"
,"{'1. open': '33.4900', '2. high': '33.8400', '3. low': '32.3000', '4. close': '32.5500', '5. adjusted close': '32.5500', '6. volume': '2058557', '7. dividend amount': '0.0000'}"
,"{'1. open': '32.0000', '2. high': '33.7700', '3. low': '31.9400', '4. close': '33.4000', '5. adjusted close': '33.4000', '6. volume': '1684073', '7. dividend amount': '0.0000'}"
,"{'1. open': '33.0000', '2. high': '33.3300', '3. low': '31.6800', '4. close': '32.3400', '5. adjusted close': '32.3400', '6. volume': '2441016', '7. dividend amount': '0.0000'}"
,"{'1. open': '31.4600', '2. high': '32.6070', '3. low': '30.3600', '4. close': '32.4500', '5. adjusted close': '32.4500', '6. volume': '4167903', '7. dividend amount': '0.0000'}"
,"{'1. open': '32.6900', '2. high': '32.7900', '3. low': '31.0900', '4. close': '31.4200', '5. adjusted close': '31.4200', '6. volume': '4832850', '7. dividend amount': '0.0000'}"
,"{'1. open': '35.8100', '2. high': '36.7700', '3. low': '32.7800', '4. close': '32.9700', '5. adjusted close': '32.9700', '6. volume': '8086111', '7. dividend amount': '0.0000'}"
,"{'1. open': '37.3300', '2. high': '37.6500', '3. low': '35.7300', '4. close': '35.9200', '5. adjusted close': '35.9200', '6. volume': '3049754', '7. dividend amount': '0.0000'}"
,"{'1. open': '36.7900', '2. high': '37.3000', '3. low': '35.5400', '4. close': '37.2100', '5. adjusted close': '37.2100', '6. volume': '2475109', '7. dividend amount': '0.0000'}"
,"{'1. open': '35.2200', '2. high': '36.7200', '3. low': '34.4500', '4. close': '36.5700', '5. adjusted close': '36.5700', '6. volume': '2728688', '7. dividend amount': '0.0000'}"
,"{'1. open': '34.7000', '2. high': '35.5200', '3. low': '34.3200', '4. close': '35.4000', '5. adjusted close': '35.4000', '6. volume': '2393027', '7. dividend amount': '0.0000'}"
,"{'1. open': '34.8300', '2. high': '35.4000', '3. low': '34.2600', '4. close': '35.0500', '5. adjusted close': '35.0500', '6. volume': '2177135', '7. dividend amount': '0.0000'}"
,"{'1. open': '35.2000', '2. high': '35.6800', '3. low': '34.2850', '4. close': '34.7600', '5. adjusted close': '34.7600', '6. volume': '2209354', '7. dividend amount': '0.0000'}"
,"{'1. open': '36.3800', '2. high': '36.4999', '3. low': '34.7600', '4. close': '35.4300', '5. adjusted close': '35.4300', '6. volume': '4810786', '7. dividend amount': '0.0000'}"
,"{'1. open': '36.1600', '2. high': '39.7000', '3. low': '35.7200', '4. close': '36.5900', '5. adjusted close': '36.5900', '6. volume': '9334601', '7. dividend amount': '0.0000'}"
,"{'1. open': '37.1600', '2. high': '37.8500', '3. low': '35.6000', '4. close': '35.7900', '5. adjusted close': '35.7900', '6. volume': '1430247', '7. dividend amount': '0.0000'}"
,"{'1. open': '38.2900', '2. high': '39.3700', '3. low': '36.7100', '4. close': '37.0600', '5. adjusted close': '37.0600', '6. volume': '2225718', '7. dividend amount': '0.0000'}"
,"{'1. open': '38.0400', '2. high': '39.0200', '3. low': '37.1000', '4. close': '38.3500', '5. adjusted close': '38.3500', '6. volume': '2839805', '7. dividend amount': '0.0000'}"
,"{'1. open': '36.0000', '2. high': '38.4600', '3. low': '34.7650', '4. close': '38.0800', '5. adjusted close': '38.0800', '6. volume': '4632812', '7. dividend amount': '0.0000'}"
,"{'1. open': '37.8500', '2. high': '37.9400', '3. low': '34.8700', '4. close': '35.8000', '5. adjusted close': '35.8000', '6. volume': '2693764', '7. dividend amount': '0.0000'}"
,"{'1. open': '37.1700', '2. high': '38.0900', '3. low': '36.6800', '4. close': '37.9400', '5. adjusted close': '37.9400', '6. volume': '1407595', '7. dividend amount': '0.0000'}"
,"{'1. open': '37.9500', '2. high': '39.5100', '3. low': '35.8600', '4. close': '36.8900', '5. adjusted close': '36.8900', '6. volume': '4415774', '7. dividend amount': '0.0000'}"
,"{'1. open': '32.3000', '2. high': '38.9700', '3. low': '31.9000', '4. close': '37.7100', '5. adjusted close': '37.7100', '6. volume': '8806173', '7. dividend amount': '0.0000'}"
,"{'1. open': '32.0600', '2. high': '33.0000', '3. low': '31.5005', '4. close': '31.7500', '5. adjusted close': '31.7500', '6. volume': '3389272', '7. dividend amount': '0.0000'}"
,"{'1. open': '32.8900', '2. high': '33.0400', '3. low': '30.9025', '4. close': '31.9400', '5. adjusted close': '31.9400', '6. volume': '2674521', '7. dividend amount': '0.0000'}"
,"{'1. open': '32.2500', '2. high': '32.9500', '3. low': '31.7200', '4. close': '32.5400', '5. adjusted close': '32.5400', '6. volume': '1839814', '7. dividend amount': '0.0000'}"
,"{'1. open': '33.2500', '2. high': '33.6300', '3. low': '31.5000', '4. close': '32.3000', '5. adjusted close': '32.3000', '6. volume': '2634148', '7. dividend amount': '0.0000'}"
,"{'1. open': '34.6700', '2. high': '34.9700', '3. low': '32.6100', '4. close': '32.9900', '5. adjusted close': '32.9900', '6. volume': '3209659', '7. dividend amount': '0.0000'}"
,"{'1. open': '35.2500', '2. high': '35.6400', '3. low': '34.5300', '4. close': '34.6700', '5. adjusted close': '34.6700', '6. volume': '3067667', '7. dividend amount': '0.0000'}"
,"{'1. open': '35.0400', '2. high': '35.5700', '3. low': '33.7900', '4. close': '35.2600', '5. adjusted close': '35.2600', '6. volume': '3488207', '7. dividend amount': '0.0000'}"
,"{'1. open': '34.0000', '2. high': '35.3700', '3. low': '33.7600', '4. close': '34.9500', '5. adjusted close': '34.9500', '6. volume': '3963715', '7. dividend amount': '0.0000'}"
,"{'1. open': '35.1000', '2. high': '37.1500', '3. low': '34.3500', '4. close': '34.3500', '5. adjusted close': '34.3500', '6. volume': '4320255', '7. dividend amount': '0.0000'}"
,"{'1. open': '35.1900', '2. high': '35.8400', '3. low': '34.9100', '4. close': '35.0300', '5. adjusted close': '35.0300', '6. volume': '3202843', '7. dividend amount': '0.0000'}"
,"{'1. open': '35.8300', '2. high': '36.8700', '3. low': '34.9500', '4. close': '35.1900', '5. adjusted close': '35.1900', '6. volume': '4337892', '7. dividend amount': '0.0000'}"
,"{'1. open': '38.0000', '2. high': '38.1300', '3. low': '35.4000', '4. close': '35.8300', '5. adjusted close': '35.8300', '6. volume': '6023833', '7. dividend amount': '0.0000'}"
,"{'1. open': '40.7100', '2. high': '42.9400', '3. low': '37.4100', '4. close': '37.9600', '5. adjusted close': '37.9600', '6. volume': '13505622', '7. dividend amount': '0.0000'}"
,"{'1. open': '40.0200', '2. high': '40.4700', '3. low': '37.7200', '4. close': '40.3000', '5. adjusted close': '40.3000', '6. volume': '3840693', '7. dividend amount': '0.0000'}"
,"{'1. open': '40.5300', '2. high': '41.4790', '3. low': '39.7100', '4. close': '40.0100', '5. adjusted close': '40.0100', '6. volume': '3204441', '7. dividend amount': '0.0000'}"
,"{'1. open': '38.0600', '2. high': '40.9800', '3. low': '37.8000', '4. close': '40.6900', '5. adjusted close': '40.6900', '6. volume': '3590609', '7. dividend amount': '0.0000'}"
,"{'1. open': '36.7800', '2. high': '40.0000', '3. low': '36.7200', '4. close': '38.1000', '5. adjusted close': '38.1000', '6. volume': '5171827', '7. dividend amount': '0.0000'}"
,"{'1. open': '37.1400', '2. high': '37.2599', '3. low': '35.4501', '4. close': '36.7900', '5. adjusted close': '36.7900', '6. volume': '3006560', '7. dividend amount': '0.0000'}"
,"{'1. open': '35.2500', '2. high': '37.3300', '3. low': '33.3400', '4. close': '37.2100', '5. adjusted close': '37.2100', '6. volume': '3586169', '7. dividend amount': '0.0000'}"
,"{'1. open': '36.6400', '2. high': '38.2300', '3. low': '35.4300', '4. close': '35.5500', '5. adjusted close': '35.5500', '6. volume': '4835320', '7. dividend amount': '0.0000'}"
,"{'1. open': '34.6900', '2. high': '37.1500', '3. low': '33.3600', '4. close': '36.4800', '5. adjusted close': '36.4800', '6. volume': '5900656', '7. dividend amount': '0.0000'}"
,"{'1. open': '36.6200', '2. high': '37.9800', '3. low': '34.8800', '4. close': '34.9500', '5. adjusted close': '34.9500', '6. volume': '4489194', '7. dividend amount': '0.0000'}"
,"{'1. open': '37.9500', '2. high': '38.7400', '3. low': '36.5100', '4. close': '36.5600', '5. adjusted close': '36.5600', '6. volume': '4009372', '7. dividend amount': '0.0000'}"
,"{'1. open': '34.9900', '2. high': '38.5535', '3. low': '34.2100', '4. close': '37.9700', '5. adjusted close': '37.9700', '6. volume': '4943968', '7. dividend amount': '0.0000'}"
,"{'1. open': '37.4000', '2. high': '37.6300', '3. low': '34.1700', '4. close': '34.9900', '5. adjusted close': '34.9900', '6. volume': '6747452', '7. dividend amount': '0.0000'}"
,"{'1. open': '34.0700', '2. high': '37.8800', '3. low': '33.1000', '4. close': '37.6000', '5. adjusted close': '37.6000', '6. volume': '9811720', '7. dividend amount': '0.0000'}"
,"{'1. open': '36.5000', '2. high': '36.8000', '3. low': '33.8000', '4. close': '34.3300', '5. adjusted close': '34.3300', '6. volume': '3163276', '7. dividend amount': '0.0000'}"
,"{'1. open': '37.6700', '2. high': '38.4900', '3. low': '36.0300', '4. close': '36.5200', '5. adjusted close': '36.5200', '6. volume': '3208352', '7. dividend amount': '0.0000'}"
,"{'1. open': '37.5100', '2. high': '38.1020', '3. low': '35.5900', '4. close': '37.7800', '5. adjusted close': '37.7800', '6. volume': '2937030', '7. dividend amount': '0.0000'}"
,"{'1. open': '37.2000', '2. high': '38.9600', '3. low': '36.0500', '4. close': '37.7300', '5. adjusted close': '37.7300', '6. volume': '2600621', '7. dividend amount': '0.0000'}"
,"{'1. open': '36.9300', '2. high': '38.1800', '3. low': '35.2300', '4. close': '37.0300', '5. adjusted close': '37.0300', '6. volume': '3883107', '7. dividend amount': '0.0000'}"
,"{'1. open': '33.1500', '2. high': '37.7200', '3. low': '32.4400', '4. close': '36.8500', '5. adjusted close': '36.8500', '6. volume': '5050150', '7. dividend amount': '0.0000'}"
,"{'1. open': '34.7600', '2. high': '35.0899', '3. low': '32.2500', '4. close': '32.8900', '5. adjusted close': '32.8900', '6. volume': '2474147', '7. dividend amount': '0.0000'}"
,"{'1. open': '34.4400', '2. high': '35.5900', '3. low': '33.1000', '4. close': '34.8400', '5. adjusted close': '34.8400', '6. volume': '4591799', '7. dividend amount': '0.0000'}"
,"{'1. open': '42.4000', '2. high': '43.5000', '3. low': '34.2200', '4. close': '34.5800', '5. adjusted close': '34.5800', '6. volume': '11385638', '7. dividend amount': '0.0000'}"
,"{'1. open': '40.2000', '2. high': '43.9900', '3. low': '39.3000', '4. close': '41.9900', '5. adjusted close': '41.9900', '6. volume': '4273810', '7. dividend amount': '0.0000'}"
,"{'1. open': '39.0000', '2. high': '41.6900', '3. low': '37.8200', '4. close': '40.2000', '5. adjusted close': '40.2000', '6. volume': '3734651', '7. dividend amount': '0.0000'}"
,"{'1. open': '34.5600', '2. high': '38.7100', '3. low': '33.6400', '4. close': '38.4500', '5. adjusted close': '38.4500', '6. volume': '1511352', '7. dividend amount': '0.0000'}"
,"{'1. open': '33.4900', '2. high': '35.5000', '3. low': '31.6000', '4. close': '34.0800', '5. adjusted close': '34.0800', '6. volume': '2044833', '7. dividend amount': '0.0000'}"
,"{'1. open': '34.0300', '2. high': '38.4000', '3. low': '33.9600', '4. close': '34.0700', '5. adjusted close': '34.0700', '6. volume': '2583103', '7. dividend amount': '0.0000'}"
,"{'1. open': '35.5500', '2. high': '35.7500', '3. low': '32.6200', '4. close': '34.5800', '5. adjusted close': '34.5800', '6. volume': '2751958', '7. dividend amount': '0.0000'}"
,"{'1. open': '33.7200', '2. high': '36.9300', '3. low': '31.1000', '4. close': '35.5200', '5. adjusted close': '35.5200', '6. volume': '4265858', '7. dividend amount': '0.0000'}"
,"{'1. open': '35.0800', '2. high': '35.5000', '3. low': '30.0000', '4. close': '32.0700', '5. adjusted close': '32.0700', '6. volume': '4117730', '7. dividend amount': '0.0000'}"
,"{'1. open': '38.5000', '2. high': '39.1000', '3. low': '33.9100', '4. close': '34.9000', '5. adjusted close': '34.9000', '6. volume': '3350691', '7. dividend amount': '0.0000'}"
,"{'1. open': '40.2000', '2. high': '41.6800', '3. low': '39.5500', '4. close': '39.6000', '5. adjusted close': '39.6000', '6. volume': '1931500', '7. dividend amount': '0.0000'}"
,"{'1. open': '40.0100', '2. high': '40.8800', '3. low': '37.6000', '4. close': '40.4900', '5. adjusted close': '40.4900', '6. volume': '2339017', '7. dividend amount': '0.0000'}"
,"{'1. open': '41.3000', '2. high': '42.0300', '3. low': '38.0000', '4. close': '39.7500', '5. adjusted close': '39.7500', '6. volume': '4192027', '7. dividend amount': '0.0000'}"
,"{'1. open': '44.0000', '2. high': '45.0700', '3. low': '41.1400', '4. close': '41.1900', '5. adjusted close': '41.1900', '6. volume': '3203857', '7. dividend amount': '0.0000'}"
,"{'1. open': '44.1500', '2. high': '47.0000', '3. low': '43.4230', '4. close': '44.0400', '5. adjusted close': '44.0400', '6. volume': '2749331', '7. dividend amount': '0.0000'}"
,"{'1. open': '42.7200', '2. high': '44.9000', '3. low': '42.0569', '4. close': '44.1200', '5. adjusted close': '44.1200', '6. volume': '1344509', '7. dividend amount': '0.0000'}"
,"{'1. open': '40.7000', '2. high': '43.8548', '3. low': '39.9500', '4. close': '42.5300', '5. adjusted close': '42.5300', '6. volume': '3159990', '7. dividend amount': '0.0000'}"
,"{'1. open': '50.0000', '2. high': '50.0000', '3. low': '39.9100', '4. close': '40.8500', '5. adjusted close': '40.8500', '6. volume': '4633579', '7. dividend amount': '0.0000'}"
,"{'1. open': '45.9900', '2. high': '53.5000', '3. low': '45.6900', '4. close': '49.9900', '5. adjusted close': '49.9900', '6. volume': '7665673', '7. dividend amount': '0.0000'}"
,"{'1. open': '45.2800', '2. high': '46.8500', '3. low': '43.5000', '4. close': '45.5700', '5. adjusted close': '45.5700', '6. volume': '1889244', '7. dividend amount': '0.0000'}"
,"{'1. open': '43.5000', '2. high': '45.6500', '3. low': '42.0580', '4. close': '45.0200', '5. adjusted close': '45.0200', '6. volume': '1962337', '7. dividend amount': '0.0000'}"
,"{'1. open': '44.5400', '2. high': '45.7000', '3. low': '41.0000', '4. close': '43.4600', '5. adjusted close': '43.4600', '6. volume': '3321781', '7. dividend amount': '0.0000'}"
,"{'1. open': '50.3700', '2. high': '51.2500', '3. low': '43.1000', '4. close': '44.0500', '5. adjusted close': '44.0500', '6. volume': '2995263', '7. dividend amount': '0.0000'}"
,"{'1. open': '49.4500', '2. high': '50.6599', '3. low': '46.3000', '4. close': '50.1100', '5. adjusted close': '50.1100', '6. volume': '2373090', '7. dividend amount': '0.0000'}"
,"{'1. open': '53.5000', '2. high': '55.7700', '3. low': '48.8400', '4. close': '49.4000', '5. adjusted close': '49.4000', '6. volume': '2416442', '7. dividend amount': '0.0000'}"
,"{'1. open': '53.7800', '2. high': '55.9199', '3. low': '49.7001', '4. close': '53.1600', '5. adjusted close': '53.1600', '6. volume': '4027589', '7. dividend amount': '0.0000'}"
,"{'1. open': '48.5000', '2. high': '56.6900', '3. low': '48.0525', '4. close': '55.1400', '5. adjusted close': '55.1400', '6. volume': '3673204', '7. dividend amount': '0.0000'}"
,"{'1. open': '51.0000', '2. high': '51.0000', '3. low': '46.7100', '4. close': '47.8100', '5. adjusted close': '47.8100', '6. volume': '2293718', '7. dividend amount': '0.0000'}"
,"{'1. open': '42.0000', '2. high': '51.3500', '3. low': '41.5000', '4. close': '50.6100', '5. adjusted close': '50.6100', '6. volume': '4797301', '7. dividend amount': '0.0000'}"
,"{'1. open': '56.2500', '2. high': '58.9000', '3. low': '46.0000', '4. close': '47.5000', '5. adjusted close': '47.5000', '6. volume': '7916743', '7. dividend amount': '0.0000'}"
,"{'1. open': '72.6700', '2. high': '75.9000', '3. low': '54.1100', '4. close': '55.3300', '5. adjusted close': '55.3300', '6. volume': '16397192', '7. dividend amount': '0.0000'}"
,"{'1. open': '68.4900', '2. high': '74.8890', '3. low': '62.8531', '4. close': '71.6400', '5. adjusted close': '71.6400', '6. volume': '4042900', '7. dividend amount': '0.0000'}"
,"{'1. open': '56.4100', '2. high': '69.6400', '3. low': '52.1001', '4. close': '68.0500', '5. adjusted close': '68.0500', '6. volume': '4678923', '7. dividend amount': '0.0000'}"
,"{'1. open': '55.0000', '2. high': '61.0000', '3. low': '51.5000', '4. close': '56.5500', '5. adjusted close': '56.5500', '6. volume': '3357079', '7. dividend amount': '0.0000'}"
,"{'1. open': '51.2800', '2. high': '53.4200', '3. low': '48.2100', '4. close': '52.9400', '5. adjusted close': '52.9400', '6. volume': '2713724', '7. dividend amount': '0.0000'}"
,"{'1. open': '57.4500', '2. high': '60.5000', '3. low': '50.1000', '4. close': '50.5000', '5. adjusted close': '50.5000', '6. volume': '3138113', '7. dividend amount': '0.0000'}"
,"{'1. open': '61.8800', '2. high': '64.4880', '3. low': '57.5900', '4. close': '57.8900', '5. adjusted close': '57.8900', '6. volume': '1711443', '7. dividend amount': '0.0000'}"
,"{'1. open': '69.4900', '2. high': '69.9700', '3. low': '61.6000', '4. close': '62.4000', '5. adjusted close': '62.4000', '6. volume': '2599074', '7. dividend amount': '0.0000'}"
,"{'1. open': '74.9500', '2. high': '76.1500', '3. low': '68.0000', '4. close': '69.3400', '5. adjusted close': '69.3400', '6. volume': '2759710', '7. dividend amount': '0.0000'}"
,"{'1. open': '77.1000', '2. high': '78.7400', '3. low': '73.0000', '4. close': '75.3900', '5. adjusted close': '75.3900', '6. volume': '2314164', '7. dividend amount': '0.0000'}"
,"{'1. open': '80.2500', '2. high': '82.5000', '3. low': '74.5000', '4. close': '77.0100', '5. adjusted close': '77.0100', '6. volume': '3757185', '7. dividend amount': '0.0000'}"
,"{'1. open': '88.4900', '2. high': '90.3800', '3. low': '71.2000', '4. close': '82.8100', '5. adjusted close': '82.8100', '6. volume': '9348031', '7. dividend amount': '0.0000'}"
,"{'1. open': '71.6500', '2. high': '96.7490', '3. low': '69.4000', '4. close': '92.8600', '5. adjusted close': '92.8600', '6. volume': '8450010', '7. dividend amount': '0.0000'}"
,"{'1. open': '68.0000', '2. high': '77.7300', '3. low': '64.4700', '4. close': '69.3900', '5. adjusted close': '69.3900', '6. volume': '7346909', '7. dividend amount': '0.0000'}"
,"{'1. open': '71.4000', '2. high': '79.5000', '3. low': '61.5000', '4. close': '68.0000', '5. adjusted close': '68.0000', '6. volume': '5855150', '7. dividend amount': '0.0000'}"
,"{'1. open': '68.1600', '2. high': '72.0000', '3. low': '66.0000', '4. close': '70.7500', '5. adjusted close': '70.7500', '6. volume': '3134341', '7. dividend amount': '0.0000'}"
,"{'1. open': '62.1500', '2. high': '68.7500', '3. low': '59.0100', '4. close': '68.5300', '5. adjusted close': '68.5300', '6. volume': '3443914', '7. dividend amount': '0.0000'}"
,"{'1. open': '49.6700', '2. high': '62.7500', '3. low': '49.5600', '4. close': '61.6700', '5. adjusted close': '61.6700', '6. volume': '5535565', '7. dividend amount': '0.0000'}"
,"{'1. open': '48.5100', '2. high': '51.0700', '3. low': '48.3900', '4. close': '49.7900', '5. adjusted close': '49.7900', '6. volume': '1517887', '7. dividend amount': '0.0000'}"
,"{'1. open': '48.5000', '2. high': '50.5000', '3. low': '47.5000', '4. close': '48.2400', '5. adjusted close': '48.2400', '6. volume': '2334678', '7. dividend amount': '0.0000'}"
,"{'1. open': '47.2000', '2. high': '51.2000', '3. low': '46.5500', '4. close': '49.0000', '5. adjusted close': '49.0000', '6. volume': '2751590', '7. dividend amount': '0.0000'}"
,"{'1. open': '48.6000', '2. high': '49.0000', '3. low': '44.9500', '4. close': '46.9200', '5. adjusted close': '46.9200', '6. volume': '2435453', '7. dividend amount': '0.0000'}"
,"{'1. open': '43.9400', '2. high': '49.6000', '3. low': '42.0800', '4. close': '48.5000', '5. adjusted close': '48.5000', '6. volume': '6304753', '7. dividend amount': '0.0000'}"
,"{'1. open': '43.5000', '2. high': '47.7700', '3. low': '42.7000', '4. close': '43.8700', '5. adjusted close': '43.8700', '6. volume': '3214829', '7. dividend amount': '0.0000'}"
,"{'1. open': '44.9050', '2. high': '45.0000', '3. low': '41.2500', '4. close': '43.1500', '5. adjusted close': '43.1500', '6. volume': '2928240', '7. dividend amount': '0.0000'}"
,"{'1. open': '41.1500', '2. high': '46.4100', '3. low': '38.6350', '4. close': '44.8700', '5. adjusted close': '44.8700', '6. volume': '3029921', '7. dividend amount': '0.0000'}"
,"{'1. open': '40.3000', '2. high': '42.4900', '3. low': '39.7048', '4. close': '40.6900', '5. adjusted close': '40.6900', '6. volume': '2319600', '7. dividend amount': '0.0000'}"
,"{'1. open': '45.6300', '2. high': '46.2300', '3. low': '40.7500', '4. close': '41.9600', '5. adjusted close': '41.9600', '6. volume': '6034040', '7. dividend amount': '0.0000'}"
